Risk_ID,Risk,Risk_Category,Likelihood_Score,Impact_Score,Probability,Expected_Loss_B,Monte_Carlo_Mean_B,Monte_Carlo_P90_B,ML_Warning_Percent,Risk_Score,High_Risk_Event
R6,Legacy System Integration Failure and Vendor Dependency,Technical,7.888119881953079,9.0,0.642323303376011,3.7265194765800467,3.4116337756866737,5.757653305770487,73.82895867396687,70.9930789375777,1
R8,System Downtime and AI Platform Unavailability,Technical,6.075917162252895,7.4475739507382706,0.43501699766072216,3.062145699583162,5.103206630958331,8.396100897890076,56.80157038931766,45.25084238443826,1
R6,Legacy System Integration Failure and Vendor Dependency,Technical,8.37052503907575,9.0,0.8247590424830235,3.3444244735653528,3.8938179035097136,5.766779066788325,73.59796919915271,75.33472535168174,1
R5,"Inventory Forecast Error, Stockout Risk and Fulfillment Disruption",Operational,7.947439821046639,8.458464048993543,0.828182254760715,5.185962886272549,4.242367051808795,10.604723595538115,75.53325080023183,67.22313400786267,1
R6,Legacy System Integration Failure and Vendor Dependency,Technical,9.0,9.0,0.637491065284309,3.6466918441481386,3.1179692718631093,4.765661674809168,84.58960333466946,81.0,1
R6,Legacy System Integration Failure and Vendor Dependency,Technical,8.46185833833704,9.0,0.47895678757098126,3.300932061024773,3.54591057209049,5.615385624713164,83.29341031072696,76.15672504503335,1
R5,"Inventory Forecast Error, Stockout Risk and Fulfillment Disruption",Operational,7.582122794713039,9.0,0.751546586408701,5.985197709134526,5.044601132453366,8.557156008701297,73.23477368362013,68.23910515241735,1
R5,"Inventory Forecast Error, Stockout Risk and Fulfillment Disruption",Operational,8.09964697578482,8.004298523394574,0.5843034700735463,6.045026855289966,6.519205594948001,9.338033667842247,93.32826318313619,64.83199232829176,1
R5,"Inventory Forecast Error, Stockout Risk and Fulfillment Disruption",Operational,7.972963533755787,9.0,0.7996347402306779,5.551708502073053,8.420749826420678,8.420749826420678,82.11089287987839,71.75667180380208,1
R5,"Inventory Forecast Error, Stockout Risk and Fulfillment Disruption",Operational,6.939135912525254,9.0,0.6560794119627307,5.2954312075969225,3.365324999748438,9.128944606822083,88.15690057209397,62.45222321272728,1
R6,Legacy System Integration Failure and Vendor Dependency,Technical,8.21074167130208,9.0,0.6030270862630699,2.8353413476953717,4.153893265759711,7.335799987123776,80.45693496045024,73.89667504171871,1
R5,"Inventory Forecast Error, Stockout Risk and Fulfillment Disruption",Operational,7.314512895863172,9.0,0.7574915992426312,4.469864782367553,4.930949063328986,8.884774855164864,73.59188041494305,65.83061606276854,1
R7,Customer Data Breach and Information Security Risk,Cybersecurity,2.34482395243653,9.0,0.41835868387357655,3.3918214633416417,3.904318024981474,9.097597758762683,66.71951064075805,21.10341557192877,1
R7,Customer Data Breach and Information Security Risk,Cybersecurity,2.977685066804265,9.0,0.44404432673870664,2.21848472498469,3.5927712837330987,9.414292178812467,84.70593689988229,26.799165601238386,1
R5,"Inventory Forecast Error, Stockout Risk and Fulfillment Disruption",Operational,7.477754099433527,8.766874219734998,0.6340232633909281,4.761641850846521,5.560519133420843,9.429549707678484,91.43837470965123,65.55652963584149,1
R7,Customer Data Breach and Information Security Risk,Cybersecurity,3.8502074225056413,9.0,0.3772490036164209,4.610011903873992,2.699077179397576,10.151306502773478,82.52364500647982,34.65186680255077,1
R5,"Inventory Forecast Error, Stockout Risk and Fulfillment Disruption",Operational,6.5065675177966735,9.0,0.816528396294277,6.108532992260795,5.248624946902098,8.92239635568512,90.49269386103285,58.55910766017006,1
R5,"Inventory Forecast Error, Stockout Risk and Fulfillment Disruption",Operational,5.777126463324693,8.172518189189578,0.8039947524014032,4.385416575970313,4.936231577914807,10.591940379795451,75.45308546852836,47.21367110276951,1
R7,Customer Data Breach and Information Security Risk,Cybersecurity,6.363886524417105,9.0,0.42404072337368853,3.4517759636912366,2.674261067295068,10.99642279493104,75.3951745141159,57.274978719753946,1
R14,"Regulatory Non-Compliance, Shadow AI and AI Governance Risk",Compliance,6.132853843950446,6.225443565311289,0.44771585675975806,1.451511693549627,2.2607182941110877,4.969253745935259,32.78518865578906,38.179735499815905,0
R5,"Inventory Forecast Error, Stockout Risk and Fulfillment Disruption",Operational,7.174833011991471,7.9048305968766845,0.7639477913856693,6.578109887974769,5.932781404394859,8.088431877062629,79.29056460268858,56.71583952067108,1
R7,Customer Data Breach and Information Security Risk,Cybersecurity,3.8695719468794696,9.0,0.4830224741549199,4.191883315196033,4.842536080128535,8.986579331653983,58.970110685140085,34.826147521915225,1
R6,Legacy System Integration Failure and Vendor Dependency,Technical,9.0,8.78436494262557,0.7167505576549307,3.4335352022890375,5.685266716684542,6.33790509076745,67.14875786254761,79.05928448363014,1
R7,Customer Data Breach and Information Security Risk,Cybersecurity,4.965470343905191,8.036196751744999,0.48859779321945485,3.4391067945653875,4.0739575210610415,9.992296055590677,64.41736869874502,39.90349664857702,1
R14,"Regulatory Non-Compliance, Shadow AI and AI Governance Risk",Compliance,6.547537767655331,6.699344815413247,0.5036456934677054,1.565040384564592,1.8082861905359966,4.393742763208166,44.18087392291163,43.86421319746417,1
R7,Customer Data Breach and Information Security Risk,Cybersecurity,5.092478871551097,8.20452830741898,0.46229800847564223,3.64191027728112,2.8672979004696613,9.830723410807423,69.48627621094587,41.78138705657404,1
R7,Customer Data Breach and Information Security Risk,Cybersecurity,4.040991903573222,9.0,0.5224097567965248,3.1651888518111395,3.80783103809208,9.68996188362666,65.19145451572669,36.368927132158994,1
R8,System Downtime and AI Platform Unavailability,Technical,7.871913988812393,9.0,0.570845251214448,4.572673354362779,5.396319553885261,9.260337441314377,74.17175376394613,70.84722589931154,1
R6,Legacy System Integration Failure and Vendor Dependency,Technical,9.0,8.229663973953569,0.6168291086368305,2.7685091000529605,2.5834490968843755,6.584973008065594,75.08374555688087,74.06697576558211,1
R5,"Inventory Forecast Error, Stockout Risk and Fulfillment Disruption",Operational,7.080198712540815,8.57526132078951,0.7671160477573893,5.266851219859282,4.2234711254570785,8.427129947687884,90.7367819914774,60.714554163154936,1
R8,System Downtime and AI Platform Unavailability,Technical,9.0,9.0,0.5890748392761364,4.476492270800544,4.843165566119126,10.364543916591694,76.48415795195962,81.0,1
R6,Legacy System Integration Failure and Vendor Dependency,Technical,8.371430252524293,8.28673133541057,0.6108210846826481,3.4130921129678837,4.40373491216187,5.124722118385209,75.72399011327242,69.37179339579708,1
R5,"Inventory Forecast Error, Stockout Risk and Fulfillment Disruption",Operational,7.317767032437119,7.548995423542928,0.7556305352070054,6.51706312958779,5.5958658375822585,11.778312996854957,74.68534587091283,55.24178983842113,1
R5,"Inventory Forecast Error, Stockout Risk and Fulfillment Disruption",Operational,8.843715797751846,9.0,0.6233864427504976,5.661572205272078,5.970634839194551,8.127466452245434,84.8237971515056,79.59344217976661,1
R8,System Downtime and AI Platform Unavailability,Technical,5.70505752552014,8.905393345728228,0.32040307427538806,2.841451897656238,6.171543016526288,11.649318630826503,67.07270282768233,50.805781324763814,1
R8,System Downtime and AI Platform Unavailability,Technical,6.534335228745453,9.0,0.48081864488156695,3.0862013559951738,5.231752760524488,10.01022903614612,63.298264982729634,58.80901705870908,1
R5,"Inventory Forecast Error, Stockout Risk and Fulfillment Disruption",Operational,7.647162696787044,9.0,0.5282098414009074,6.531762392144563,4.659805915126081,12.429625780528612,90.79478810212777,68.8244642710834,1
R6,Legacy System Integration Failure and Vendor Dependency,Technical,9.0,9.0,0.5701840384143525,2.9709642047784897,3.4718999590109725,5.697470540364802,85.1968167761682,81.0,1
R5,"Inventory Forecast Error, Stockout Risk and Fulfillment Disruption",Operational,7.952011093846695,9.0,0.7089611129553977,5.804566699397153,4.646066151427545,10.681484584332493,89.7138960837206,71.56809984462025,1
R7,Customer Data Breach and Information Security Risk,Cybersecurity,4.289872042072516,8.981188565432266,0.45938619066470254,4.519918724967666,3.2255969115344776,10.095662784947468,63.38245878052885,38.528149731429245,1
R14,"Regulatory Non-Compliance, Shadow AI and AI Governance Risk",Compliance,8.552859775839325,5.604433912073151,0.3873667717782963,1.7679053468067487,2.174744426444002,5.424686935957492,34.31449525130312,47.933937372920276,1
R14,"Regulatory Non-Compliance, Shadow AI and AI Governance Risk",Compliance,7.9491429877809985,6.291749717239598,0.4095885556505852,1.7125906442375531,2.4024683341356585,4.175790432171301,55.239098205483685,50.01401814566823,1
R6,Legacy System Integration Failure and Vendor Dependency,Technical,9.0,7.92300557770783,0.6816542663618489,3.513574784151271,3.330525276744563,6.241734019144555,61.67985801095777,71.30705019937047,1
R14,"Regulatory Non-Compliance, Shadow AI and AI Governance Risk",Compliance,8.770431516566719,5.25705252288674,0.3942891326677605,1.8187449686366097,1.9498091896747674,4.172934637565568,40.4494976919353,46.10661913097245,1
R5,"Inventory Forecast Error, Stockout Risk and Fulfillment Disruption",Operational,6.56669659309744,9.0,0.7247287362091622,6.1074432550876985,6.3287870119872975,8.764027469505345,79.98618045356461,59.10026933787696,1
R5,"Inventory Forecast Error, Stockout Risk and Fulfillment Disruption",Operational,8.360111366248171,9.0,0.7980284973559642,6.0919660081301,5.089145978538496,9.413073049609793,77.27976508289753,75.24100229623355,1
R5,"Inventory Forecast Error, Stockout Risk and Fulfillment Disruption",Operational,6.317657398879846,8.956624063017768,0.7816910580784733,6.001697625522601,5.704701891520543,9.565844176682548,73.73512022022334,56.58488228070947,1
R14,"Regulatory Non-Compliance, Shadow AI and AI Governance Risk",Compliance,6.1558630864822605,6.2016832336293755,0.42100739206254356,1.7128191691124075,1.8680623784260548,4.777500264420885,42.4839863299636,38.17671289195501,0
R8,System Downtime and AI Platform Unavailability,Technical,6.568057798391628,9.0,0.5760329238730718,5.23475542290725,4.733555775163704,11.143458706409449,56.477204327421106,59.11252018552465,1
R5,"Inventory Forecast Error, Stockout Risk and Fulfillment Disruption",Operational,7.784006410914168,7.088493848121174,0.6379395982655391,4.410502031984154,5.381851419404359,9.923926461700457,100.0,55.17688155750086,1
R6,Legacy System Integration Failure and Vendor Dependency,Technical,9.0,9.0,0.6793570413223572,4.01552834776637,4.290226617415947,6.1259692713039415,77.81111107366476,81.0,1
R7,Customer Data Breach and Information Security Risk,Cybersecurity,4.717778811012789,7.45817892381821,0.558309789933233,3.5175313114181153,4.414333039520355,7.098598491517283,60.20499981636982,35.18603849553172,1
R5,"Inventory Forecast Error, Stockout Risk and Fulfillment Disruption",Operational,7.259389308999694,9.0,0.8012986658347118,5.524956820341865,4.944756038410254,7.175641162886924,74.35127907566513,65.33450378099724,1
R7,Customer Data Breach and Information Security Risk,Cybersecurity,5.535491809975205,7.61929724633794,0.5522141457518808,3.839266088625306,3.1236334485455512,11.50083718974377,65.92539707434287,42.176557504870296,1
R8,System Downtime and AI Platform Unavailability,Technical,7.1699729029073085,9.0,0.5621263877241662,3.96755568576626,3.9428788048302827,9.32766030949959,80.01236139107583,64.52975612616578,1
R5,"Inventory Forecast Error, Stockout Risk and Fulfillment Disruption",Operational,7.877825168480114,9.0,0.5393008410861508,3.969411146827594,3.316596209936673,9.058519922426505,91.0403380463677,70.90042651632102,1
R8,System Downtime and AI Platform Unavailability,Technical,6.513285503957251,9.0,0.5585237901384065,4.0939780278250995,4.8172039459427864,10.881159116497244,65.8489191475913,58.619569535615256,1
R14,"Regulatory Non-Compliance, Shadow AI and AI Governance Risk",Compliance,5.3353068038049924,4.139302109964111,0.4128703968389769,1.2416982478303693,2.431574097573013,5.021751147713149,30.98096170938116,22.084446710295886,0
R5,"Inventory Forecast Error, Stockout Risk and Fulfillment Disruption",Operational,7.747368031611802,8.738376922772062,0.8444074086897179,4.867865592164995,4.818688150444563,8.766449371276458,78.77600741369208,67.69942201965858,1
R5,"Inventory Forecast Error, Stockout Risk and Fulfillment Disruption",Operational,6.4409745067661435,8.903672676040898,0.5971806142064501,4.624204722438931,4.110161571710198,12.222050788209607,85.58210841577383,57.34832872296971,1
R5,"Inventory Forecast Error, Stockout Risk and Fulfillment Disruption",Operational,7.514588990690539,9.0,0.7481083411680408,4.554821728563026,4.5454160391265885,10.260578232594593,80.92176130929982,67.63130091621485,1
R6,Legacy System Integration Failure and Vendor Dependency,Technical,7.771945980876376,7.636328044021303,0.729349941395562,4.119879982370796,3.639211084072236,6.7905221528647814,80.8900012363483,59.349129050384924,1
R8,System Downtime and AI Platform Unavailability,Technical,6.027731452275928,9.0,0.6019029928155046,1.9532182603288477,4.1253462166362675,8.40117793343845,66.60475901951672,54.249583070483354,1
R6,Legacy System Integration Failure and Vendor Dependency,Technical,8.952209122626462,8.418084404181727,0.5334761597108484,4.146027813744991,4.414628545315933,6.242525648765671,90.23955311112022,75.3604519981552,1
R5,"Inventory Forecast Error, Stockout Risk and Fulfillment Disruption",Operational,9.0,9.0,0.644759635290118,6.8453197102823315,4.873973140183079,8.493542812882572,96.46585548742851,81.0,1
R8,System Downtime and AI Platform Unavailability,Technical,5.690350709988102,7.741289183562773,0.5250375389352456,3.3403065069144366,4.406493191354973,8.85628965845973,61.188073842561465,44.050650401909635,1
R5,"Inventory Forecast Error, Stockout Risk and Fulfillment Disruption",Operational,4.497240478337785,9.0,0.7112202615186515,5.111694814204334,5.46384435970539,9.827385602844297,79.50798562716561,40.47516430504007,1
R8,System Downtime and AI Platform Unavailability,Technical,6.4674196977795955,9.0,0.540110969869743,2.5578967440987865,5.302397351255116,8.753894559456956,72.66478934874527,58.20677728001636,1
R6,Legacy System Integration Failure and Vendor Dependency,Technical,9.0,6.533140639986268,0.58331045784456,2.909835832420473,2.7646415523520194,6.9978777949174695,69.28686617128095,58.798265759876415,1
R6,Legacy System Integration Failure and Vendor Dependency,Technical,9.0,8.413347502978057,0.6237918937053131,2.5665437135239495,3.546271807767186,7.193399508638538,73.78486504381482,75.72012752680251,1
R5,"Inventory Forecast Error, Stockout Risk and Fulfillment Disruption",Operational,8.106329104828443,9.0,0.6221328734039013,7.731202001538513,3.5703066247559274,7.9777972382474385,86.65783427512298,72.956961943456,1
R5,"Inventory Forecast Error, Stockout Risk and Fulfillment Disruption",Operational,7.08939391914565,9.0,0.6675458211686337,6.4144933441262,5.479969739401705,9.918045369498486,82.00498427102026,63.80454527231085,1
R5,"Inventory Forecast Error, Stockout Risk and Fulfillment Disruption",Operational,6.68152148934966,8.712848681040292,0.7234786522371023,6.2763177641638235,3.157313900461199,9.950862249337574,83.13837345057969,58.21508569582255,1
R7,Customer Data Breach and Information Security Risk,Cybersecurity,5.947616937661409,7.165687918339931,0.3693530951266077,2.2530298168613836,3.3815865380699575,9.355776521675777,78.41149849820226,42.6187668331143,1
R5,"Inventory Forecast Error, Stockout Risk and Fulfillment Disruption",Operational,6.760821333969831,9.0,0.7513928655852169,5.2994452637249685,4.405441603582957,9.846308825893605,86.62155504096461,60.84739200572848,1
R6,Legacy System Integration Failure and Vendor Dependency,Technical,9.0,9.0,0.5867769668879359,3.4923247569858966,5.367241161882255,6.42049961411734,80.3857646904027,81.0,1
R5,"Inventory Forecast Error, Stockout Risk and Fulfillment Disruption",Operational,5.90860956270653,8.264698704665195,0.8007817049967699,5.6181158592488,4.912212784705349,10.61406037737274,95.59579971079675,48.832877799273035,1
R5,"Inventory Forecast Error, Stockout Risk and Fulfillment Disruption",Operational,6.55536244175436,9.0,0.6062267740657901,6.104390156909886,6.51863762842483,10.02542382296476,100.0,58.99826197578924,1
R5,"Inventory Forecast Error, Stockout Risk and Fulfillment Disruption",Operational,5.941614597152948,8.538377062525726,0.6936475362864691,6.0689880142839,4.399756559400144,6.1481969593834,86.74424673444345,50.73174579069876,1
R8,System Downtime and AI Platform Unavailability,Technical,9.0,9.0,0.5380613299118954,4.209415089973795,5.024644770708277,8.567488243960735,71.87174685708796,81.0,1
R8,System Downtime and AI Platform Unavailability,Technical,5.658554842200303,9.0,0.4947106681524126,3.916873299901208,4.751556068869531,10.858804824184789,88.40952881389988,50.926993579802726,1
R6,Legacy System Integration Failure and Vendor Dependency,Technical,9.0,8.85779289127891,0.5858495144042064,2.4724952873386963,2.675099294434456,7.021722422464295,78.98654373750723,79.72013602151019,1
R6,Legacy System Integration Failure and Vendor Dependency,Technical,9.0,8.263373204661848,0.4997787985895517,2.9383441977670723,3.038187644487184,6.110278124941066,78.3467723629501,74.37035884195663,1
R6,Legacy System Integration Failure and Vendor Dependency,Technical,7.680854954798055,8.79215892281219,0.6756965091850735,4.246352778866115,4.582598297263852,5.997916852604846,69.54779273006665,67.53129742565393,1
R5,"Inventory Forecast Error, Stockout Risk and Fulfillment Disruption",Operational,7.000699117557175,9.0,0.6257947029813035,5.355258026011377,4.501904777222839,10.394781143745433,84.38124784413581,63.00629205801457,1
R5,"Inventory Forecast Error, Stockout Risk and Fulfillment Disruption",Operational,7.155036623595518,8.970522056805601,0.6365260183092989,4.458640386015749,5.340384990758997,9.078952260132068,97.3319439086615,64.18441384921547,1
R8,System Downtime and AI Platform Unavailability,Technical,4.921623345081057,7.883423930081186,0.38579773077800505,3.9964429809706363,5.081988864468066,9.348470590713093,66.9009762659003,38.79924325345822,1
R6,Legacy System Integration Failure and Vendor Dependency,Technical,9.0,8.000481739080755,0.7601816354738898,3.6801206037514262,4.682032484146994,6.926567560040533,69.36758583026217,72.00433565172679,1
R5,"Inventory Forecast Error, Stockout Risk and Fulfillment Disruption",Operational,7.098745777637335,8.882689368611512,0.7200382015536506,4.104610930529204,4.909237182904728,9.115430071000112,91.81091126498885,63.05595364949502,1
R14,"Regulatory Non-Compliance, Shadow AI and AI Governance Risk",Compliance,6.059586225432097,5.675130450762828,0.5127463842691399,1.3167627219264344,2.4105844480724294,5.1834742981894255,36.023628485488075,34.38894230697268,0
R5,"Inventory Forecast Error, Stockout Risk and Fulfillment Disruption",Operational,5.3302208279315995,9.0,0.5806799015240702,4.351042374582961,6.481030970611734,6.957600421535487,91.35081255429905,47.97198745138439,1
R6,Legacy System Integration Failure and Vendor Dependency,Technical,7.5869756546582225,7.12626353290465,0.755716509463203,3.2308308296656234,3.7436741478792848,5.73913835611661,81.59308891481658,54.06678793282627,1
R14,"Regulatory Non-Compliance, Shadow AI and AI Governance Risk",Compliance,7.971822690172735,5.972137574427084,0.3931427941690743,2.132270853708145,3.011836563711958,5.239991701071433,33.51716397518973,47.60882182465099,1
R7,Customer Data Breach and Information Security Risk,Cybersecurity,4.5818569659907284,9.0,0.47780653642893367,3.21137303017726,3.104257589433577,9.604085434509205,57.17301777907974,41.23671269391656,1
R6,Legacy System Integration Failure and Vendor Dependency,Technical,9.0,9.0,0.5824681823844052,3.4267011958317104,4.921361836694759,7.7223387205573175,70.36993686749304,81.0,1
R14,"Regulatory Non-Compliance, Shadow AI and AI Governance Risk",Compliance,7.510296389582323,4.343213191801519,0.31763384266114386,1.4700609578942518,2.1801911642123515,5.129608540614954,32.69404949477227,32.61881835357327,0
R5,"Inventory Forecast Error, Stockout Risk and Fulfillment Disruption",Operational,5.565635032841154,9.0,0.5580787806618376,4.3696233906862645,6.505125402661167,8.188570650968195,89.8917356736134,50.09071529557039,1
R6,Legacy System Integration Failure and Vendor Dependency,Technical,7.2464262820913135,9.0,0.63478688989559,2.5678181762876475,4.290272515298686,5.710339537902087,79.3760785171629,65.21783653882181,1
R8,System Downtime and AI Platform Unavailability,Technical,5.31044277392173,9.0,0.45182616131203274,4.026255686870415,4.986357607042175,9.231785386875627,83.90021882904624,47.79398496529557,1
R6,Legacy System Integration Failure and Vendor Dependency,Technical,8.952735347370991,9.0,0.5750026579284586,3.492092798214423,4.476977841554011,6.8329468395786215,65.83820224087636,80.57461812633892,1
R6,Legacy System Integration Failure and Vendor Dependency,Technical,7.680652110862594,8.796379302892191,0.7051654942421359,3.1741555147099834,4.370091843447966,6.829995587228061,88.69014890723682,67.56192926070695,1
R14,"Regulatory Non-Compliance, Shadow AI and AI Governance Risk",Compliance,8.062209850913712,5.936850859687218,0.28712312531872064,1.8243517216285488,2.251122810605911,4.953907289757496,28.286011393437526,47.86413748437583,1
R14,"Regulatory Non-Compliance, Shadow AI and AI Governance Risk",Compliance,7.446639731517086,5.808054861630787,0.5103255550028114,1.6529803000337784,1.9881951587529767,5.392973432574305,27.258720621084322,43.250492095450795,1
R5,"Inventory Forecast Error, Stockout Risk and Fulfillment Disruption",Operational,7.501033343517345,9.0,0.6417001102669219,6.505986370596462,4.396206392546564,9.175389751867515,81.7821515338066,67.5093000916561,1
R8,System Downtime and AI Platform Unavailability,Technical,6.3494151584431435,9.0,0.549421201933671,4.057368733743526,3.65677637100265,10.573664045931809,73.80719672164356,57.14473642598829,1
R7,Customer Data Breach and Information Security Risk,Cybersecurity,5.047017213123745,8.534440394909666,0.5627477952148464,5.25520664900586,3.3742275034263094,8.70651922129962,76.62707581694161,43.07346757748769,1
R6,Legacy System Integration Failure and Vendor Dependency,Technical,8.127369372628989,9.0,0.5959711609529097,2.6010321116705986,3.1200057205233387,5.264770039536074,62.93057359113952,73.1463243536609,1
R7,Customer Data Breach and Information Security Risk,Cybersecurity,3.7926041683536256,9.0,0.43288089246195927,3.5643861290502485,4.048497706009859,7.758750530823563,68.0592779694724,34.13343751518263,1
R14,"Regulatory Non-Compliance, Shadow AI and AI Governance Risk",Compliance,8.167102914383635,7.4589977020089435,0.29440317298741253,1.7048515559287187,1.9678513559552475,4.332367980856634,42.943014534455266,60.918401870458084,1
R6,Legacy System Integration Failure and Vendor Dependency,Technical,8.377129503576716,9.0,0.5743402965000419,2.583939544675378,4.133296788569796,5.73229089598659,83.46345454204409,75.39416553219044,1
R5,"Inventory Forecast Error, Stockout Risk and Fulfillment Disruption",Operational,9.0,9.0,0.612791193713333,5.371285740534626,4.8980569643262815,10.266661332637307,89.64799282231473,81.0,1
R8,System Downtime and AI Platform Unavailability,Technical,8.083609653905471,8.840747495255355,0.41613622043692367,2.780682832884843,4.194529423274496,9.671700873550005,82.4564629081423,71.4651518003868,1
R5,"Inventory Forecast Error, Stockout Risk and Fulfillment Disruption",Operational,7.694761030846539,8.045255883749313,0.40153529369919333,4.294967828170748,6.377148403125116,9.925879232239893,95.8909984302977,61.90632145746305,1
R8,System Downtime and AI Platform Unavailability,Technical,5.8681838578673045,9.0,0.4512566327370352,4.293622909971694,5.7939068929587805,10.916263020185758,72.15819224885837,52.813654720805744,1
R7,Customer Data Breach and Information Security Risk,Cybersecurity,6.008520824778582,9.0,0.39806469400770567,3.946004717335738,3.3693638750854764,8.163434197302667,59.48367743135707,54.07668742300724,1
R7,Customer Data Breach and Information Security Risk,Cybersecurity,5.494955517561525,9.0,0.5522761490085839,3.7375913289743306,3.6401744689918654,7.4268813306986035,70.97002852821777,49.45459965805372,1
R8,System Downtime and AI Platform Unavailability,Technical,8.495133745517412,9.0,0.5013264437355949,3.53174034636885,5.297756635260376,9.789917005312768,77.77185555285172,76.4562037096567,1
R14,"Regulatory Non-Compliance, Shadow AI and AI Governance Risk",Compliance,5.5585057519363845,5.598209746904525,0.4355271994318646,2.0407402679528834,1.76904312405004,4.854940347340869,32.899033480486615,31.117681078715133,0
R6,Legacy System Integration Failure and Vendor Dependency,Technical,8.519868132304149,9.0,0.6493681813430454,2.774000659865967,3.7201338604800887,4.34196227441359,84.25698885866458,76.67881319073734,1
R6,Legacy System Integration Failure and Vendor Dependency,Technical,9.0,7.696787489625381,0.44409552347039344,3.3728089590330663,3.4656912129389794,5.2925942339399565,84.06685157839483,69.27108740662842,1
R5,"Inventory Forecast Error, Stockout Risk and Fulfillment Disruption",Operational,8.121853189426849,9.0,0.6622069777235547,4.007163026117223,5.131918428749524,10.336706783261864,75.48192175263314,73.09667870484164,1
R6,Legacy System Integration Failure and Vendor Dependency,Technical,9.0,8.958972585280051,0.6394671559458154,2.9504336441290757,4.051439590929505,5.076681789821459,89.95011683258608,80.63075326752046,1
R14,"Regulatory Non-Compliance, Shadow AI and AI Governance Risk",Compliance,7.5055018106114915,5.973967604242617,0.4415735485917657,1.6027010376396154,2.4464336904121016,5.275893617327115,42.179432206577154,44.837624670177355,1
R8,System Downtime and AI Platform Unavailability,Technical,7.607514327149504,9.0,0.536720300607081,3.77108298678741,6.082037907111772,8.733820023597586,82.50752346328652,68.46762894434553,1
R5,"Inventory Forecast Error, Stockout Risk and Fulfillment Disruption",Operational,6.2591675920322976,8.987139871749028,0.552687628200297,5.787289105037602,4.641440530711306,10.8499851671408,83.08480928162898,56.252014630312814,1
R5,"Inventory Forecast Error, Stockout Risk and Fulfillment Disruption",Operational,6.974610953615513,8.59292431267583,0.4860896538696835,3.5527410635748478,5.957223103675301,10.552693024649578,88.70366049427972,59.9323040347779,1
R7,Customer Data Breach and Information Security Risk,Cybersecurity,4.975823022901871,8.486095752324385,0.4289342477908829,3.3096315585793534,5.170836677936679,9.298366976321976,69.1991102293116,42.225310618965445,1
R5,"Inventory Forecast Error, Stockout Risk and Fulfillment Disruption",Operational,8.781625090425367,9.0,0.5166612105260568,4.94293552217858,4.596752457288477,8.021706065988798,83.05119765691236,79.0346258138283,1
R8,System Downtime and AI Platform Unavailability,Technical,7.9888827373090185,9.0,0.4405229746908787,3.4982528091848755,5.069528882905571,8.555720929846187,82.59584099307897,71.89994463578117,1
R14,"Regulatory Non-Compliance, Shadow AI and AI Governance Risk",Compliance,7.357925728691769,6.805673898024959,0.47081374413455757,2.0326497123472964,1.9609371263644422,5.700619362862908,40.0807968375392,50.07564307536385,1
R6,Legacy System Integration Failure and Vendor Dependency,Technical,9.0,9.0,0.5904382706542216,3.2268206255762624,3.1025450098964455,5.7537829023004186,83.34949238278325,81.0,1
R8,System Downtime and AI Platform Unavailability,Technical,8.1293244375395,9.0,0.5149058935739226,3.8691866712331775,4.934355235448856,10.614509204240948,59.91765947841275,73.1639199378555,1
R5,"Inventory Forecast Error, Stockout Risk and Fulfillment Disruption",Operational,8.091046102164668,8.900339913827374,0.7546303267462897,6.108084890563915,3.4815625024988623,8.16333334361363,72.80554510883623,72.0130605677136,1
R7,Customer Data Breach and Information Security Risk,Cybersecurity,7.001737102530136,9.0,0.4469193224399434,3.47570834404261,4.184202227378839,10.242925868339581,52.388862744126,63.01563392277122,1
R14,"Regulatory Non-Compliance, Shadow AI and AI Governance Risk",Compliance,7.532859892813459,4.871572589586068,0.5301442794303144,1.941077408174449,2.3268749224449694,4.270474259307589,41.090401020847565,36.6968737750223,0
R8,System Downtime and AI Platform Unavailability,Technical,6.70851002100651,9.0,0.4503508534331115,4.4326646097779285,2.3534770456242127,11.394900391142528,54.182289769775196,60.37659018905859,1
R5,"Inventory Forecast Error, Stockout Risk and Fulfillment Disruption",Operational,7.374280055577306,8.921839700582828,0.7445834499848868,3.9044032985363133,6.2848019287057,8.437360325469095,72.85281079608083,65.79214456306575,1
R5,"Inventory Forecast Error, Stockout Risk and Fulfillment Disruption",Operational,6.727604029500191,9.0,0.5773606220649145,6.236117492225025,4.774288790762251,7.235880031497793,81.8750787122727,60.54843626550172,1
R8,System Downtime and AI Platform Unavailability,Technical,6.161612508882115,9.0,0.5477663207988027,4.778880702633124,5.8858943726444695,9.589476034258555,71.00124497800934,55.454512579939035,1
R14,"Regulatory Non-Compliance, Shadow AI and AI Governance Risk",Compliance,8.298738503943797,5.766862068761367,0.4042920120732017,1.6559419768368744,2.155460994419256,5.279527494156803,38.915567086458395,47.85768029696294,1
R5,"Inventory Forecast Error, Stockout Risk and Fulfillment Disruption",Operational,6.869084027230251,8.06854062192108,0.6648004490254097,5.666325905360496,4.68467823264975,9.453157121583772,86.41474074897012,55.42348350909653,1
R14,"Regulatory Non-Compliance, Shadow AI and AI Governance Risk",Compliance,7.452534891821335,6.8982090988736875,0.18829956974450485,2.3816939008063245,2.1154762912425893,5.551242531150587,30.18075258299575,51.40914400043557,1
R5,"Inventory Forecast Error, Stockout Risk and Fulfillment Disruption",Operational,7.276569152594928,8.414357816389419,0.7658469876328251,5.029480685214002,5.7561340727753665,8.141301715842413,85.05289891542736,61.22765652563526,1
R8,System Downtime and AI Platform Unavailability,Technical,9.0,9.0,0.564052351680609,4.689043916511731,5.862004147654194,10.651268663718552,58.955960698156126,81.0,1
R6,Legacy System Integration Failure and Vendor Dependency,Technical,8.228371677583121,9.0,0.7004114058622415,2.9435243730520413,4.043583493098683,7.595482702365674,82.91522390314614,74.0553450982481,1
R6,Legacy System Integration Failure and Vendor Dependency,Technical,9.0,9.0,0.5217913747890406,3.470388043306912,4.290864266676814,5.971034215600008,89.40565450649297,81.0,1
R7,Customer Data Breach and Information Security Risk,Cybersecurity,5.120499958789301,8.074193100183825,0.34775819332508995,2.416506684776598,3.034820758349899,11.502810260777753,52.578183457471695,41.34390543674814,1
R6,Legacy System Integration Failure and Vendor Dependency,Technical,8.696464014422801,9.0,0.7007853671474107,2.6733467859898115,5.354720475305127,7.1704051440546195,75.80134893193103,78.26817612980521,1
R8,System Downtime and AI Platform Unavailability,Technical,6.545755724846738,8.98205814427877,0.3874604619958441,2.6628127854625188,6.086617449123402,7.060506123864099,86.72895206737252,58.79435851881903,1
R7,Customer Data Breach and Information Security Risk,Cybersecurity,5.725151399381741,9.0,0.5182732447024246,4.146428584646471,3.7927181872953004,9.47582944498065,64.49925497680383,51.526362594435675,1
R5,"Inventory Forecast Error, Stockout Risk and Fulfillment Disruption",Operational,6.811103312215525,9.0,0.6773050778473028,4.211637889574196,4.418875908341912,8.046270316585815,93.06720585547447,61.29992980993972,1
R8,System Downtime and AI Platform Unavailability,Technical,6.382553387540902,9.0,0.3543599517101458,3.0799655911139805,5.647906470836955,8.287533380221145,66.30293480002379,57.44298048786812,1
R5,"Inventory Forecast Error, Stockout Risk and Fulfillment Disruption",Operational,6.030800389686234,9.0,0.8277301200664379,5.431174026156616,5.3913611584413115,8.112885082851307,96.47931762448297,54.277203507176104,1
R8,System Downtime and AI Platform Unavailability,Technical,6.924855833189984,9.0,0.44564755670997974,3.933924482328794,5.302343306444236,9.791237982534877,68.42473352963106,62.32370249870985,1
R5,"Inventory Forecast Error, Stockout Risk and Fulfillment Disruption",Operational,7.499637101125957,7.833261672662542,0.7719535782610972,4.887059819864187,4.980315135589678,10.503948397699538,91.27732179407664,58.746619863127975,1
R6,Legacy System Integration Failure and Vendor Dependency,Technical,8.299168321133914,8.734545289537175,0.7198193658138987,2.6824358129688015,4.001334196453083,5.466862137568977,95.56119302218711,72.48946156643638,1
R8,System Downtime and AI Platform Unavailability,Technical,7.52436274725291,8.33858062696998,0.451671388684161,4.188317056316295,5.894653710072169,12.08691218783201,55.80441631978943,62.74250543453773,1
R6,Legacy System Integration Failure and Vendor Dependency,Technical,9.0,8.920546156483871,0.8263767470123455,2.6017217678587667,4.934106305173541,7.822844513196663,73.97129406633604,80.28491540835483,1
R7,Customer Data Breach and Information Security Risk,Cybersecurity,5.302685348995986,8.519266485280713,0.32015632852274034,4.005608733003617,2.894713622012722,8.334537574647628,60.307487363498254,45.17498957569057,1
R8,System Downtime and AI Platform Unavailability,Technical,6.802464774303032,9.0,0.35552834830370983,4.094116018340703,5.554670079222799,6.813133433130819,71.09245255878056,61.22218296872729,1
R6,Legacy System Integration Failure and Vendor Dependency,Technical,9.0,9.0,0.5991601150449022,4.1706369821756315,3.8761342443485756,5.611668173088361,70.47446089089838,81.0,1
R8,System Downtime and AI Platform Unavailability,Technical,7.6294135848867874,8.89989654478617,0.4076873886828168,3.275113004091059,5.904659406527954,11.311130155826445,72.97310496725741,67.90099160287859,1
R14,"Regulatory Non-Compliance, Shadow AI and AI Governance Risk",Compliance,6.4660908986832,4.7335703764065755,0.4258397404778686,1.9421062683847718,2.1993680764189762,5.636113742818688,32.50656607496696,30.60769632915897,0
R7,Customer Data Breach and Information Security Risk,Cybersecurity,5.225342753689067,9.0,0.4378024130895565,4.1098382472157855,4.231665165453121,8.230007750019125,54.35013637153777,47.02808478320161,1
R5,"Inventory Forecast Error, Stockout Risk and Fulfillment Disruption",Operational,7.08718640420643,9.0,0.6121521040528615,3.534939930390178,7.273296951536645,7.837862522756159,91.99058978396441,63.78467763785787,1
R8,System Downtime and AI Platform Unavailability,Technical,7.031266877248674,9.0,0.47208882774470856,4.545850738934606,4.577635311282386,10.109857993916835,70.6735824495681,63.28140189523807,1
R7,Customer Data Breach and Information Security Risk,Cybersecurity,4.49287693994341,8.787280736619904,0.3549669753086348,3.345828439157595,2.936432969551678,11.167639387566407,65.40428652475205,39.480170986368506,1
R7,Customer Data Breach and Information Security Risk,Cybersecurity,5.170497235040431,8.977475737129371,0.5154213039360229,4.600949435292466,3.9724651370674398,9.34448849147081,54.50531014119872,46.418013476469966,1
R6,Legacy System Integration Failure and Vendor Dependency,Technical,8.6282870967071,8.106918060567516,0.66062061362492,3.133472819436392,2.573907971240466,5.643878573882089,55.29383035845821,69.94881649605644,1
R5,"Inventory Forecast Error, Stockout Risk and Fulfillment Disruption",Operational,7.293269314133503,7.911274731443003,0.7279942983996964,6.791980865637445,6.38953617852091,9.137764894762824,97.22580909479962,57.69905723451302,1
R5,"Inventory Forecast Error, Stockout Risk and Fulfillment Disruption",Operational,6.436350972573657,8.630161959330735,0.6506220627236006,4.464972972493095,5.525270570584469,8.550853262756407,85.42549371036482,55.54675132040656,1
R14,"Regulatory Non-Compliance, Shadow AI and AI Governance Risk",Compliance,6.271268318625597,6.393244352771715,0.5152517019829073,1.9990501895082846,1.5899988535234677,2.936500309680004,45.97455928991419,40.09375076276927,1
R5,"Inventory Forecast Error, Stockout Risk and Fulfillment Disruption",Operational,6.871492519144194,9.0,0.6394313684693914,3.982116471657111,6.379205739740417,8.9916235585661,92.32914807780834,61.84343267229775,1
R5,"Inventory Forecast Error, Stockout Risk and Fulfillment Disruption",Operational,7.762198400792212,8.481140639345952,0.47271661662840725,4.631905773817418,5.609549537895682,7.345861218615833,86.76687935823324,65.83229630762499,1
R5,"Inventory Forecast Error, Stockout Risk and Fulfillment Disruption",Operational,6.005893766957807,8.972154902559938,0.5231873593364935,7.342980961280694,4.114705850528665,9.38323466607832,94.64574177453491,53.88580920546466,1
R6,Legacy System Integration Failure and Vendor Dependency,Technical,8.1370946612495,7.765288971361779,0.49091508816986074,4.012125603046037,3.6664458222092504,5.622744307506328,86.71923749916861,63.18689143192756,1
R7,Customer Data Breach and Information Security Risk,Cybersecurity,3.400863513552987,8.633949225258075,0.4429325872792724,4.263371714150278,4.526587089652352,11.029663547903333,67.21234933514134,29.362882898049268,1
R8,System Downtime and AI Platform Unavailability,Technical,7.799499253504148,9.0,0.4197265703723053,4.193258605777241,4.2407942575375195,12.655518606893818,69.19228264866189,70.19549328153734,1
R5,"Inventory Forecast Error, Stockout Risk and Fulfillment Disruption",Operational,7.2369614157120425,8.590661715700392,0.6158005813430683,6.550763777840935,4.314798667799847,7.559668010490821,90.74212303436384,62.17028737195835,1
R5,"Inventory Forecast Error, Stockout Risk and Fulfillment Disruption",Operational,8.15781484202401,9.0,0.7375162648532054,6.235889593238049,4.526190872461285,7.426716095893549,97.31066921564388,73.42033357821609,1
R5,"Inventory Forecast Error, Stockout Risk and Fulfillment Disruption",Operational,7.281179562269453,8.16694123520307,0.731334994972372,6.473612170715385,4.689776760595166,9.494646187361479,96.94494952064893,59.46496560801624,1
R7,Customer Data Breach and Information Security Risk,Cybersecurity,6.799271575019,9.0,0.5358005869847842,3.3372340347291227,3.0646815581631137,7.867789532967564,49.26914728499199,61.193444175170995,1
R6,Legacy System Integration Failure and Vendor Dependency,Technical,9.0,9.0,0.5812951094767123,2.894497095410724,3.9543406973816064,6.095722120929443,67.67557455996938,81.0,1
R7,Customer Data Breach and Information Security Risk,Cybersecurity,5.9130002202742995,8.84959045759223,0.47260639603906396,3.420942389147846,4.654453155297791,10.017119444817732,70.87902228839855,52.32763032508019,1
R7,Customer Data Breach and Information Security Risk,Cybersecurity,3.9611981719974443,9.0,0.4761019736677348,3.6218243933959267,3.548677236827009,9.209792397019951,71.50151540515196,35.650783547977,1
R5,"Inventory Forecast Error, Stockout Risk and Fulfillment Disruption",Operational,7.57791051379151,9.0,0.681701726138885,5.521186333102922,6.845529135779957,9.780906502155812,100.0,68.20119462412359,1
R6,Legacy System Integration Failure and Vendor Dependency,Technical,9.0,9.0,0.6462921728298567,3.6581417685274467,3.383173033875307,6.69820937183824,76.39625568806473,81.0,1
R5,"Inventory Forecast Error, Stockout Risk and Fulfillment Disruption",Operational,6.980376514189525,8.811879068442577,0.6119583636632561,4.596255612203088,5.79514715104952,11.80458477816159,88.45737223858384,61.51023369523484,1
R8,System Downtime and AI Platform Unavailability,Technical,6.4853584507818525,8.000798952141361,0.5022386451794166,4.957294575353658,3.5694947019709007,8.107002671769077,64.46648353350787,51.888049097276564,1
R14,"Regulatory Non-Compliance, Shadow AI and AI Governance Risk",Compliance,6.1796561754693045,7.554267466110065,0.3880291051508318,1.7554940678526336,2.534269978929629,3.7472868666858155,24.413529504153793,46.68277559809392,1
R7,Customer Data Breach and Information Security Risk,Cybersecurity,6.166548590977006,8.48430197550815,0.4644893208168849,2.9982512627849456,5.048820639945786,8.915723890351808,66.0115921825877,52.31886039249321,1
R8,System Downtime and AI Platform Unavailability,Technical,6.312062612536173,9.0,0.5766692984474514,4.6264800198232034,5.345142929635509,10.854850449050959,63.690514269371725,56.80856351282556,1
R8,System Downtime and AI Platform Unavailability,Technical,8.115902053365362,8.415660979731667,0.5558260642269772,4.363802457633735,2.418664446983048,10.887765620579756,64.64563369087834,68.30068022583099,1
R6,Legacy System Integration Failure and Vendor Dependency,Technical,8.113957545668326,8.92558738274157,0.6102601993293373,4.0383388408101215,4.242610653267667,5.28982485219137,93.23274053067351,72.42183709371797,1
R8,System Downtime and AI Platform Unavailability,Technical,6.6503878132221965,9.0,0.5717927464153285,3.6063560592600465,5.87209880880902,6.895325742577322,58.07321445502491,59.85349031899977,1
R6,Legacy System Integration Failure and Vendor Dependency,Technical,9.0,9.0,0.47852485075497186,3.3003639827945648,3.7087741463163733,5.8130907794985225,65.64237546186564,81.0,1
R14,"Regulatory Non-Compliance, Shadow AI and AI Governance Risk",Compliance,6.6311697704074595,6.361594154302717,0.4046311157822848,2.1472079264968906,1.7358820774602897,4.723126073212129,40.14549099968547,42.18481084761298,1
R8,System Downtime and AI Platform Unavailability,Technical,6.621545948153541,9.0,0.44343229947309826,3.3775011376421524,5.237552338231626,8.264354029663473,70.51433519855573,59.593913533381865,1
R7,Customer Data Breach and Information Security Risk,Cybersecurity,5.353482905948667,9.0,0.3718899782973303,2.9574317956630294,3.840693590883101,9.020552223143742,58.27774855474297,48.181346153538,1
R7,Customer Data Breach and Information Security Risk,Cybersecurity,4.077169810273167,9.0,0.4283101119165945,3.584615548069126,3.124461850889744,5.9372757557480185,72.0723631708884,36.69452829245851,1
R6,Legacy System Integration Failure and Vendor Dependency,Technical,9.0,9.0,0.6761925255320852,3.1599849348746525,3.73487109591042,5.683738492257693,85.47685431890154,81.0,1
R14,"Regulatory Non-Compliance, Shadow AI and AI Governance Risk",Compliance,6.080819861279283,6.714838211659645,0.31965684614646006,1.7786354652079874,1.6401191471140981,5.093031007457538,38.21486814162013,40.83172156273703,1
R8,System Downtime and AI Platform Unavailability,Technical,6.191580175476613,8.716261640182609,0.44585943064941164,3.423870729470483,5.380296946762643,9.06451813626754,76.24000983267345,53.9674327756219,1
R5,"Inventory Forecast Error, Stockout Risk and Fulfillment Disruption",Operational,9.0,9.0,0.7354484485810515,5.383499217488314,4.89381934217661,8.268132247561413,85.989151064371,81.0,1
R6,Legacy System Integration Failure and Vendor Dependency,Technical,7.733659494374296,8.94781444731099,0.5841295824756894,4.3462057593660015,5.023771648100263,5.280275473821627,72.71391917160658,69.19935015434612,1
R8,System Downtime and AI Platform Unavailability,Technical,7.073770107886886,8.835393203005644,0.5899901135318548,3.343899510432357,4.13518246941827,9.016159944658597,60.47337113393029,62.49954033084829,1
R7,Customer Data Breach and Information Security Risk,Cybersecurity,3.5538719674398376,9.0,0.4211621276636323,3.968219160669567,3.8162932631882622,9.285330066746615,64.51165259624004,31.98484770695854,1
R14,"Regulatory Non-Compliance, Shadow AI and AI Governance Risk",Compliance,6.264141550677165,5.837568077768437,0.6754486054275888,1.7803809772108705,1.876350415832821,4.455580676309242,47.68756567357404,36.567352750855896,0
R7,Customer Data Breach and Information Security Risk,Cybersecurity,3.169231551605134,9.0,0.47900566520211885,4.5852638072203264,4.382057098412598,10.08117270040594,71.12312171336347,28.523083964446204,1
R8,System Downtime and AI Platform Unavailability,Technical,6.808178541793361,9.0,0.4122914676007301,3.3457537287801893,5.725447934805062,9.231897565788664,64.87081229406402,61.27360687614025,1
R5,"Inventory Forecast Error, Stockout Risk and Fulfillment Disruption",Operational,7.297982236377452,9.0,0.6640377061336473,3.990282960504216,4.545989747331603,9.728399672208626,86.83216771092772,65.68184012739707,1
R8,System Downtime and AI Platform Unavailability,Technical,7.241238137655348,8.928322747878857,0.5161897436999787,3.024081770383196,5.20237019031233,9.447143661623368,75.9858399654389,64.65211118723617,1
R5,"Inventory Forecast Error, Stockout Risk and Fulfillment Disruption",Operational,7.032724491540708,8.759776759187112,0.8234338073064699,5.432913489213324,4.4803732927261155,10.28456235281791,87.46779631076954,61.60509655476429,1
R8,System Downtime and AI Platform Unavailability,Technical,7.304192919553421,8.094111691248322,0.5711902848903236,4.851544371717017,4.727351222633956,6.62633555724547,63.237424103244535,59.12095330529056,1
R8,System Downtime and AI Platform Unavailability,Technical,6.501637607807553,9.0,0.5236653739649612,3.194971471479755,4.338541415398638,9.121186775028677,62.79828982509655,58.51473847026798,1
R7,Customer Data Breach and Information Security Risk,Cybersecurity,2.9703261322604178,9.0,0.5717052841537962,4.318783846666531,3.329533120795812,9.895020261426085,64.80643514887267,26.73293519034376,1
R8,System Downtime and AI Platform Unavailability,Technical,7.372434646982213,8.28894030737825,0.5755739315462417,2.9787796699585654,4.480443172317207,10.484377900003741,64.02643807611628,61.109670708882796,1
R8,System Downtime and AI Platform Unavailability,Technical,7.777531240814944,9.0,0.6351143199246627,3.0717455427029186,4.240768522625694,10.469277644802698,69.53665425551678,69.9977811673345,1
R14,"Regulatory Non-Compliance, Shadow AI and AI Governance Risk",Compliance,7.723610587228875,6.600714703475381,0.3230328086449388,1.960302175688694,2.2765157581527924,5.224372597146986,30.76950091387894,50.981349967039755,1
R6,Legacy System Integration Failure and Vendor Dependency,Technical,9.0,9.0,0.6103695068837122,1.7529448814712973,4.391161786189759,5.748129825668197,77.67573374156672,81.0,1
R7,Customer Data Breach and Information Security Risk,Cybersecurity,4.7781390962046935,9.0,0.41518222137594973,4.140422534761759,3.7373445770052185,9.773612695173883,72.10930202840768,43.003251865842245,1
R6,Legacy System Integration Failure and Vendor Dependency,Technical,8.47324456734501,9.0,0.7670546941436098,2.961451090929452,3.57043854122214,6.23179411948025,75.9745617373258,76.25920110610508,1
R6,Legacy System Integration Failure and Vendor Dependency,Technical,7.393622994390819,9.0,0.7040088476887132,2.5643502427191,4.103737029664324,7.092939731582024,85.61975378001428,66.54260694951738,1
R5,"Inventory Forecast Error, Stockout Risk and Fulfillment Disruption",Operational,7.214450833971641,8.905995703316275,0.6664942621447992,5.272854249637708,6.3358836150200455,8.126867961986147,87.20695186187828,64.25186812913796,1
R5,"Inventory Forecast Error, Stockout Risk and Fulfillment Disruption",Operational,7.265155527298887,9.0,0.732262653859963,7.995035740324839,3.532777437233303,8.465885644558556,97.09244841990464,65.38639974568999,1
R8,System Downtime and AI Platform Unavailability,Technical,6.647986925146526,8.876296336835077,0.5562299637762351,5.07822970213528,5.973186625945971,12.111068283823492,74.03701992857513,59.0095019910056,1
R5,"Inventory Forecast Error, Stockout Risk and Fulfillment Disruption",Operational,6.034502014170944,9.0,0.6594729655854261,2.7011359077043253,5.640137753760263,9.642968261330422,97.13263178724608,54.3105181275385,1
R8,System Downtime and AI Platform Unavailability,Technical,7.611143654649543,8.439615574438994,0.4955685964189794,3.269782590183899,3.682372428744719,8.828040665460094,67.8037056236127,64.23512652707281,1
R5,"Inventory Forecast Error, Stockout Risk and Fulfillment Disruption",Operational,6.779805372992042,7.138930746207607,0.7161626675668615,3.910337295830592,4.396465469903003,8.492115164117106,83.66051969749404,48.400561030556425,1
R5,"Inventory Forecast Error, Stockout Risk and Fulfillment Disruption",Operational,7.006868254939037,8.721711830655122,0.6198274875527534,5.531941490835948,6.50431286068903,6.784755782981625,86.22020863317934,61.11188575494361,1
R14,"Regulatory Non-Compliance, Shadow AI and AI Governance Risk",Compliance,6.220848348071703,5.825101609121704,0.34910237251124754,1.7702702393657475,2.210444340552547,3.2161754762646955,38.35153595387146,36.237073722454575,0
R7,Customer Data Breach and Information Security Risk,Cybersecurity,6.076146312640013,8.362433909780583,0.32890284859097385,2.3017394330957197,2.5806284642350326,9.703843748090572,69.06980018583947,50.8113719656091,1
R8,System Downtime and AI Platform Unavailability,Technical,7.9212476849103455,8.511864910705084,0.4915894131726044,3.3678544395594865,4.214214010614114,10.219824506783025,61.441648935054616,67.42459021819225,1
R6,Legacy System Integration Failure and Vendor Dependency,Technical,6.790848380911299,8.809982785055075,0.5410256378279052,3.0186206804027713,3.8627050213331233,6.039197517054927,73.19997935341233,59.827257331747674,1
R14,"Regulatory Non-Compliance, Shadow AI and AI Governance Risk",Compliance,8.226405143870384,7.041386746917563,0.5140940084191936,1.0973815341157693,2.2507464128538945,5.301882160487071,41.552308500714645,57.92530015482338,1
R5,"Inventory Forecast Error, Stockout Risk and Fulfillment Disruption",Operational,7.636596325821829,7.970646413411404,0.6886847764621219,5.165440809729761,5.043704180220541,9.257990883802474,70.24520763601889,60.86860911508247,1
R8,System Downtime and AI Platform Unavailability,Technical,5.040609773909257,9.0,0.5484368006946115,4.828665131636844,5.239468711122675,10.952887008092816,82.82173707873592,45.365487965183306,1
R6,Legacy System Integration Failure and Vendor Dependency,Technical,8.254526507937884,9.0,0.5663503832738684,3.963328486039884,3.6385181002880382,6.520650277449866,80.48257471016977,74.29073857144095,1
R14,"Regulatory Non-Compliance, Shadow AI and AI Governance Risk",Compliance,5.180692071335276,5.376131855487222,0.273147389371037,2.0735385852120385,2.789353520121167,5.316610643249632,30.60571163408364,27.85208367817566,0
R5,"Inventory Forecast Error, Stockout Risk and Fulfillment Disruption",Operational,8.48202249361579,8.004865798362658,0.6628063175769012,4.879644344446829,5.9753758140364415,11.295397184505365,96.46547048631965,67.89745176008779,1
R6,Legacy System Integration Failure and Vendor Dependency,Technical,8.849394080563156,8.357621529356415,0.7088241889586211,2.3662881632747506,2.692907112104598,7.442956981186318,93.53110279640272,73.95988648947385,1
R5,"Inventory Forecast Error, Stockout Risk and Fulfillment Disruption",Operational,6.5379039813486015,8.573544587636176,0.6788438183297377,5.768135617923848,5.246057484885677,8.822077579014378,84.42312156859334,56.05301129377631,1
R5,"Inventory Forecast Error, Stockout Risk and Fulfillment Disruption",Operational,5.901854521969153,8.674369794690689,0.5356974862577458,4.83081322452218,5.151872984311086,9.764239113886486,87.21661232290566,51.19486859802788,1
R7,Customer Data Breach and Information Security Risk,Cybersecurity,5.9039227507368555,8.903428070396194,0.48581735406482224,2.4689691705106807,2.8778264987024085,7.659101953544522,66.14354475810966,52.56515154436123,1
R8,System Downtime and AI Platform Unavailability,Technical,8.572814640917182,9.0,0.462467518422955,4.782889633642889,3.9054782954872156,8.446568753499976,58.00836133075912,77.15533176825464,1
R14,"Regulatory Non-Compliance, Shadow AI and AI Governance Risk",Compliance,6.134960773651007,4.2186301706617915,0.4798328204894027,1.3195583433514249,2.263449825121815,6.240895026201481,31.144923267308613,25.88113061555074,0
R6,Legacy System Integration Failure and Vendor Dependency,Technical,9.0,9.0,0.7768553017728838,3.7989621107683504,3.502820249830666,5.053907418840683,78.15884584383319,81.0,1
R8,System Downtime and AI Platform Unavailability,Technical,6.432294215781314,9.0,0.5174154537412347,4.673883897553418,4.9151865536275965,10.169137686596981,64.96681146062566,57.890647942031826,1
R5,"Inventory Forecast Error, Stockout Risk and Fulfillment Disruption",Operational,6.334514585309785,9.0,0.6700305763047897,3.980504726793148,5.227293377805423,9.99298042295204,87.3421870993085,57.010631267788064,1
R6,Legacy System Integration Failure and Vendor Dependency,Technical,9.0,8.184840929223643,0.5676986929080944,2.7306899976930348,4.752589644296546,4.752589644296546,100.0,73.66356836301279,1
R8,System Downtime and AI Platform Unavailability,Technical,8.193956259988278,8.696791956974858,0.5131758822984709,4.985794288393169,5.843551753099771,9.421904639618944,67.01796539685046,71.26113289766984,1
R8,System Downtime and AI Platform Unavailability,Technical,8.003566560183286,9.0,0.49557889557750195,3.8256316750495505,4.492222056884523,11.358956345739609,75.68021169698285,72.03209904164957,1
R7,Customer Data Breach and Information Security Risk,Cybersecurity,4.590039496147226,8.327629728628523,0.5416311350837882,3.217279005184999,3.028851426743523,8.372798677232163,60.715093292596706,38.22414936369473,1
R5,"Inventory Forecast Error, Stockout Risk and Fulfillment Disruption",Operational,7.856617104625678,9.0,0.7212942629691967,4.53285914096813,5.647389344136461,10.573379887722398,91.33433063850859,70.7095539416311,1
R8,System Downtime and AI Platform Unavailability,Technical,7.584503216119309,9.0,0.41863563947434584,4.002675516652399,4.116882188177299,9.68496738291848,54.97786688619747,68.26052894507379,1
R5,"Inventory Forecast Error, Stockout Risk and Fulfillment Disruption",Operational,5.367441597007907,8.286822071100035,0.6553630776288768,3.230640746368063,5.441178624794156,9.44170695311291,78.76329095145448,44.47903349142554,1
R7,Customer Data Breach and Information Security Risk,Cybersecurity,4.820789525374611,9.0,0.43709085015923754,3.089107949073678,2.961480211800618,8.261577839460069,71.9833534941663,43.387105728371495,1
R14,"Regulatory Non-Compliance, Shadow AI and AI Governance Risk",Compliance,6.3700947452815875,6.746527357738573,0.4044939088981757,1.5911230133196348,1.3872913604627222,5.213688473569388,28.58593284117222,42.97601847042896,1
R14,"Regulatory Non-Compliance, Shadow AI and AI Governance Risk",Compliance,5.347081302161116,7.082801381787724,0.35162616440228667,1.792572474088189,2.173110848802047,5.476648600000823,55.999910634993654,37.87231483547806,0
R8,System Downtime and AI Platform Unavailability,Technical,5.709635515457164,9.0,0.4406691051494362,4.459870154217454,3.983598933976935,10.414529627721368,72.14376127333301,51.386719639114474,1
R8,System Downtime and AI Platform Unavailability,Technical,5.844374518331138,9.0,0.4208957705015822,4.523455743410049,3.2360931915781075,9.679053723965437,70.78190949655958,52.59937066498024,1
R5,"Inventory Forecast Error, Stockout Risk and Fulfillment Disruption",Operational,6.052507865026225,8.259822060856019,0.7696824533859578,5.200215347514925,5.231227937102059,8.975701081417707,86.54152547087183,49.99263798704818,1
R7,Customer Data Breach and Information Security Risk,Cybersecurity,4.141550059625314,9.0,0.4281619680064132,3.0401718913116165,4.083499381231552,8.64676830237347,73.2193722827102,37.27395053662783,1
R14,"Regulatory Non-Compliance, Shadow AI and AI Governance Risk",Compliance,6.336279623020288,6.765808165951175,0.40901025692804827,1.8111961895761068,2.129681583304567,4.949468717471334,33.83793073910734,42.8700524151807,1
R8,System Downtime and AI Platform Unavailability,Technical,8.56877860410285,7.804713363809626,0.5217794944998407,3.2130017386743996,4.9964961325864,9.819684377534362,59.6569038632601,66.8768608829675,1
R5,"Inventory Forecast Error, Stockout Risk and Fulfillment Disruption",Operational,8.058484543530325,9.0,0.7763107549735053,5.0549758732917605,4.815381485392149,9.44074758974094,90.10965399143292,72.52636089177292,1
R6,Legacy System Integration Failure and Vendor Dependency,Technical,7.558517938390223,8.811492690915832,0.5076348594344287,2.22177146625073,4.6570465454923005,5.9499137678646346,75.22670272142466,66.60182556828165,1
R8,System Downtime and AI Platform Unavailability,Technical,7.482524048828592,9.0,0.4739388570771632,4.354929114041251,3.898127321594889,7.454619719148579,74.64311726420023,67.34271643945732,1
R5,"Inventory Forecast Error, Stockout Risk and Fulfillment Disruption",Operational,8.274591875293515,9.0,0.7660140748534767,3.776547274697945,6.700073367901135,8.361846918708716,86.83834382513517,74.47132687764163,1
R6,Legacy System Integration Failure and Vendor Dependency,Technical,8.85177712240823,8.510297398097226,0.6069765675142165,3.125369888745347,3.122699842825066,6.944522823831368,74.29429146822733,75.3312558133673,1
R5,"Inventory Forecast Error, Stockout Risk and Fulfillment Disruption",Operational,5.474680909766544,7.9795659644218055,0.6625571297441425,2.4556391597297043,5.974733664399903,6.02759835537676,84.68102086933781,43.68557745364292,1
R6,Legacy System Integration Failure and Vendor Dependency,Technical,9.0,9.0,0.6637695292140168,2.367896054508516,4.574201818203912,6.920669983226166,84.14548580566348,81.0,1
R8,System Downtime and AI Platform Unavailability,Technical,6.762304875310359,9.0,0.558468275930998,3.2699677284928246,2.9507394462122933,10.092626387112634,76.00935335486402,60.860743877793226,1
R14,"Regulatory Non-Compliance, Shadow AI and AI Governance Risk",Compliance,5.648554235108029,6.156007497933367,0.43951625583268,1.6050040424427054,2.751940659117973,3.616954559367768,31.872023801758033,34.7725422238083,0
R5,"Inventory Forecast Error, Stockout Risk and Fulfillment Disruption",Operational,6.256865735232016,8.282697476776036,0.8137186312945675,5.088138502866736,4.584434819746766,9.381704020691828,89.59672666448914,51.823726037732655,1
R5,"Inventory Forecast Error, Stockout Risk and Fulfillment Disruption",Operational,7.051626376711208,7.8658517113446775,0.6306910873568419,4.8097957644631055,4.94033112073952,11.254807613725337,89.761528485801,55.46704740301712,1
R8,System Downtime and AI Platform Unavailability,Technical,7.3257073578132,8.667373023974577,0.37614984919562955,5.051986028476042,3.8127866545693054,10.957203446265641,73.20814288475587,63.4946383346422,1
R6,Legacy System Integration Failure and Vendor Dependency,Technical,8.763231397035941,9.0,0.6139239181085981,2.901694535581997,3.914075631084186,5.467053529721854,95.11630977355819,78.86908257332347,1
R5,"Inventory Forecast Error, Stockout Risk and Fulfillment Disruption",Operational,7.03786191500895,9.0,0.6803042460898551,3.508627871879953,4.74016269584298,9.75807011211085,92.03222673631807,63.340757235080545,1
R6,Legacy System Integration Failure and Vendor Dependency,Technical,8.382363390605754,7.009324279803444,0.7426746961037061,2.2171465654809097,3.6271298326110384,5.847583355970005,83.10842615816577,58.75470323590843,1
R14,"Regulatory Non-Compliance, Shadow AI and AI Governance Risk",Compliance,7.047961445981547,6.298659476932664,0.38609788708415754,1.136566048763521,1.8900804667575932,4.8721369711263405,39.80195531877117,44.39270915478771,1
R5,"Inventory Forecast Error, Stockout Risk and Fulfillment Disruption",Operational,7.041379052585848,9.0,0.6815318221932603,4.532853614593918,5.7001611390903975,11.994956923458027,83.7727696661816,63.37241147327263,1
R5,"Inventory Forecast Error, Stockout Risk and Fulfillment Disruption",Operational,8.392472162942573,9.0,0.6985724759793629,3.9487420939026396,5.234009211651831,11.652153266841797,90.24790704365181,75.53224946648315,1
R5,"Inventory Forecast Error, Stockout Risk and Fulfillment Disruption",Operational,6.792522477316127,7.874633039427254,0.7283612261084293,6.1176263848163455,4.813588398071839,8.774420318772545,87.42702583721639,53.48862192092583,1
R6,Legacy System Integration Failure and Vendor Dependency,Technical,8.980250906465372,8.562078098393574,0.5563063436245004,3.310176084891733,3.2901689337966937,4.781547125346163,67.6470842370945,76.8896096043262,1
R7,Customer Data Breach and Information Security Risk,Cybersecurity,3.3967395331840504,7.320114043775446,0.5306010951869538,3.1070665254527974,4.123748514335967,6.572839707112286,72.14077870639447,24.86452075990782,1
R8,System Downtime and AI Platform Unavailability,Technical,6.289918880959562,8.462061437640216,0.357898320262223,3.8650180434497754,5.015968023014368,9.443834867708901,55.77801894375138,53.22568000845301,1
R8,System Downtime and AI Platform Unavailability,Technical,8.98338623485171,9.0,0.488348475001857,3.1497338508878374,3.6734253337825225,9.444262470247086,75.47320089539566,80.8504761136654,1
R7,Customer Data Breach and Information Security Risk,Cybersecurity,4.639108580575392,5.875713097255455,0.482722244299411,2.6456328635886672,3.2521413670370567,7.893805615576334,62.070147685453904,27.258071046477,1
R5,"Inventory Forecast Error, Stockout Risk and Fulfillment Disruption",Operational,7.443880230217435,6.656207529035579,0.6959158517437196,5.6542080938028505,5.621330812879873,11.18986758362017,76.7315705628076,49.54801163361239,1
R7,Customer Data Breach and Information Security Risk,Cybersecurity,4.047821193260651,9.0,0.45875764832378313,4.357820837771758,3.237747716218371,6.997578897535693,70.52189440304218,36.43039073934586,1
R5,"Inventory Forecast Error, Stockout Risk and Fulfillment Disruption",Operational,4.441631616742898,8.021478655023477,0.5931339896891852,5.906548214274764,4.156457466038356,10.383498501287443,89.0007303428316,35.62845320718057,1
R6,Legacy System Integration Failure and Vendor Dependency,Technical,7.937702844833626,7.921544952827558,0.6890877327397272,3.459378802180041,3.494351359194157,5.185505412158003,90.07785500030353,62.87886990753676,1
R8,System Downtime and AI Platform Unavailability,Technical,5.279897449052182,9.0,0.41533874226872586,3.2022186957645578,5.284273763118049,10.330024606055701,79.31278874357143,47.51907704146964,1
R14,"Regulatory Non-Compliance, Shadow AI and AI Governance Risk",Compliance,5.411535459582442,6.713641368143796,0.4976314711877481,1.9499306564039105,2.1830178877650623,4.077289705431152,20.026530149721076,36.33110832662973,0
R14,"Regulatory Non-Compliance, Shadow AI and AI Governance Risk",Compliance,7.157053605401451,6.481055083632495,0.49101243406990686,1.5722556778127834,2.8712095556193526,4.924270522062661,42.481944712731156,46.385258653117354,1
R7,Customer Data Breach and Information Security Risk,Cybersecurity,4.577366439278442,9.0,0.40712326836725665,3.988817446764184,2.7658340045331666,7.619514573762246,73.46565637555126,41.196297953505976,1
R8,System Downtime and AI Platform Unavailability,Technical,7.937560122204765,8.994963583053858,0.533499332447401,3.0015737271250065,4.493455518668756,10.734094050530905,74.89281688594515,71.3980642375324,1
R6,Legacy System Integration Failure and Vendor Dependency,Technical,8.939711008608388,9.0,0.6819305169295492,2.479109012566852,3.942501650497394,7.487166713572469,92.95378546639778,80.45739907747549,1
R14,"Regulatory Non-Compliance, Shadow AI and AI Governance Risk",Compliance,7.0399363972146904,6.442816963193519,0.37791721258659355,0.9564767789232618,2.5985478492109935,4.418110056409999,31.597793887655037,45.357021639778274,1
R6,Legacy System Integration Failure and Vendor Dependency,Technical,9.0,9.0,0.5680486645005004,3.5786987691646797,4.572320643061103,8.063786873531303,78.9579747907284,81.0,1
R6,Legacy System Integration Failure and Vendor Dependency,Technical,8.360235472555868,8.073565642636135,0.5117863771325173,2.1561373045449073,4.573081687568091,5.66006556841301,90.669821679332,67.49690987557493,1
R5,"Inventory Forecast Error, Stockout Risk and Fulfillment Disruption",Operational,6.296345450433488,9.0,0.8250675161586221,4.516270556144737,4.832313270099924,9.208737736885999,89.6284541079411,56.6671090539014,1
R8,System Downtime and AI Platform Unavailability,Technical,6.846515721044144,9.0,0.595879938391434,3.563697680033982,3.677134141720276,9.117167795082263,70.18224405266308,61.61864148939729,1
R6,Legacy System Integration Failure and Vendor Dependency,Technical,8.492924384476494,7.498393603280057,0.5137348038827959,3.1480337056170824,4.848025491016875,5.6749742382641095,73.25794157641154,63.68328987769976,1
R6,Legacy System Integration Failure and Vendor Dependency,Technical,9.0,7.653123670418928,0.5679980852474481,3.0482684587299764,2.815833308330748,5.3857564251950185,70.36834102334802,68.87811303377035,1
R8,System Downtime and AI Platform Unavailability,Technical,7.087578218953589,9.0,0.47332925797805653,3.9826119089211334,5.001556322100276,8.535042638812927,80.08866057609494,63.7882039705823,1
R6,Legacy System Integration Failure and Vendor Dependency,Technical,9.0,9.0,0.5281389368997905,3.607642139128014,4.8647137096473285,5.197614244145862,71.0599774318859,81.0,1
R8,System Downtime and AI Platform Unavailability,Technical,6.785089644849922,9.0,0.6131453678499708,4.396587922862791,4.078346556704245,12.191876372422962,68.45023810171111,61.065806803649295,1
R5,"Inventory Forecast Error, Stockout Risk and Fulfillment Disruption",Operational,6.744158863096908,9.0,0.6750247186400552,6.369327494265323,4.92489835573972,10.239481991065338,77.14268529046308,60.69742976787217,1
R14,"Regulatory Non-Compliance, Shadow AI and AI Governance Risk",Compliance,6.135608929085819,5.873164877150142,0.4453232261286905,1.7437260546933093,1.5429053359557405,4.446549751077942,51.91970344250085,36.03544286223563,0
R5,"Inventory Forecast Error, Stockout Risk and Fulfillment Disruption",Operational,6.507553925669482,9.0,0.7905163262952389,3.8560467970901566,5.890532401907268,8.727787724899297,87.40789772264847,58.56798533102534,1
R5,"Inventory Forecast Error, Stockout Risk and Fulfillment Disruption",Operational,7.3591830491920796,9.0,0.6241116131523157,4.294662209918403,6.8481693436456705,9.014062509900828,98.21981455128919,66.23264744272872,1
R5,"Inventory Forecast Error, Stockout Risk and Fulfillment Disruption",Operational,7.997093755494534,9.0,0.7177601816735419,5.2789934786327315,5.940498056996891,10.12286451699581,75.39870062138161,71.9738437994508,1
R7,Customer Data Breach and Information Security Risk,Cybersecurity,5.1543366870644105,9.0,0.43519674218713567,3.1539199139843874,3.7099599790676514,10.402671081672178,51.257647233533916,46.38903018357969,1
R6,Legacy System Integration Failure and Vendor Dependency,Technical,9.0,9.0,0.6777250004100914,2.956862848216243,4.806646162905565,4.995057062759454,83.94334898425289,81.0,1
R7,Customer Data Breach and Information Security Risk,Cybersecurity,3.384633548723274,7.168022241463914,0.4930659217917541,3.732658498039754,3.2987126229263324,6.847980684637516,59.47690699089059,24.261128556453365,0
R8,System Downtime and AI Platform Unavailability,Technical,7.004093007675456,8.556189459840205,0.5954905602775051,2.875002705193531,5.5370005893586915,9.313272047576223,65.86191865203332,59.92834676801321,1
R5,"Inventory Forecast Error, Stockout Risk and Fulfillment Disruption",Operational,7.542704397976724,8.065026189191807,0.6908574872438399,5.37150654916362,4.585081562004277,9.90725091671491,77.23748881010054,60.8321085070145,1
R5,"Inventory Forecast Error, Stockout Risk and Fulfillment Disruption",Operational,5.882925857538254,9.0,0.779574366458943,3.794882659143658,3.992657655199465,10.122322343393384,89.67811837902373,52.946332717844285,1
R6,Legacy System Integration Failure and Vendor Dependency,Technical,7.85446178200108,7.772964637750958,0.676610913896679,3.1056036756376306,4.540292467805245,4.540292467805245,67.1946080710515,61.052453680060765,1
R14,"Regulatory Non-Compliance, Shadow AI and AI Governance Risk",Compliance,7.014332059844157,6.829621351779527,0.458615030976737,1.8211517487918187,2.407035841710041,6.228372105288292,29.452892517392677,47.90523200438332,1
R5,"Inventory Forecast Error, Stockout Risk and Fulfillment Disruption",Operational,6.012191165411981,9.0,0.5970385944489788,5.973568326440477,5.345737385844885,11.910409069334293,83.05184282182731,54.10972048870782,1
R6,Legacy System Integration Failure and Vendor Dependency,Technical,9.0,8.804684654618066,0.5953213769235344,4.604564221534224,4.106923848232365,4.958483593042903,73.88180796663246,79.2421618915626,1
R5,"Inventory Forecast Error, Stockout Risk and Fulfillment Disruption",Operational,7.112550715008228,9.0,0.5126314216299821,6.6693474190406885,6.505492159606888,6.505492159606888,93.98741357058238,64.01295643507406,1
R5,"Inventory Forecast Error, Stockout Risk and Fulfillment Disruption",Operational,8.055218851331043,6.62782703488481,0.680270040527773,5.540934019756809,6.1117715956120815,8.004323331553767,85.98549729122686,53.38859727476565,1
R8,System Downtime and AI Platform Unavailability,Technical,6.664269005080278,8.289499175783112,0.5146791773958818,3.22094011488015,4.41890297340922,7.84730051411372,67.04330395584685,55.24345242480991,1
R8,System Downtime and AI Platform Unavailability,Technical,7.17675479330205,8.730291016793892,0.4759836306366604,5.852769093911021,3.8632558677919424,11.854770414101054,76.07487018772646,62.655157901697386,1
R5,"Inventory Forecast Error, Stockout Risk and Fulfillment Disruption",Operational,8.244498076021058,9.0,0.708915362955786,5.551880533598455,3.2726584818635542,9.175392650859834,83.38869726412777,74.20048268418952,1
R5,"Inventory Forecast Error, Stockout Risk and Fulfillment Disruption",Operational,8.430155636559878,8.279965292042117,0.6749180340307717,6.486935660071505,4.80867307892214,9.37936209206281,85.76418187846716,69.80139607722901,1
R5,"Inventory Forecast Error, Stockout Risk and Fulfillment Disruption",Operational,6.724297807079133,9.0,0.7196931924478349,5.246038692283078,5.420659867236364,8.647404657388797,83.74840479645877,60.5186802637122,1
R7,Customer Data Breach and Information Security Risk,Cybersecurity,4.336695678225483,7.311102564562313,0.4995769156772909,3.142539080045547,2.836954604923083,8.456228627096342,63.5237971387532,31.706026894800626,1
R6,Legacy System Integration Failure and Vendor Dependency,Technical,9.0,8.745438108439986,0.7231517490744019,3.700164014463193,3.6666992403473713,8.228252108205272,80.54827189171847,78.70894297595987,1
R5,"Inventory Forecast Error, Stockout Risk and Fulfillment Disruption",Operational,8.513009266003989,9.0,0.7964657857717414,5.932686801417712,5.984238267532589,9.558698505147975,96.58367316162803,76.6170833940359,1
R5,"Inventory Forecast Error, Stockout Risk and Fulfillment Disruption",Operational,8.07424723394466,9.0,0.622348826253444,5.7499845538855405,5.382300785163371,9.27309032455246,88.1480210338002,72.66822510550195,1
R7,Customer Data Breach and Information Security Risk,Cybersecurity,5.217997410666137,9.0,0.5357234521787909,3.7372576257108174,4.2216636153827105,7.884982797013208,68.18341639957447,46.96197669599523,1
R6,Legacy System Integration Failure and Vendor Dependency,Technical,8.012169319079534,9.0,0.5695750016597615,2.475005604190592,3.2901050829579184,5.605577207414969,85.20518134225802,72.10952387171581,1
R8,System Downtime and AI Platform Unavailability,Technical,6.843257924217724,8.183019437867772,0.6015427138913415,4.232288323989192,5.725986761141556,8.760877220483584,74.93620181653291,55.998512612216295,1
R7,Customer Data Breach and Information Security Risk,Cybersecurity,5.0983101922381024,8.952454795882709,0.33623947800739734,4.395643725458095,3.078852897189604,8.476909823544043,56.893473315218195,45.642391531399696,1
R8,System Downtime and AI Platform Unavailability,Technical,7.701186326070373,9.0,0.38139813481851925,4.264166352137874,5.373923533711833,8.70410668872968,72.75621253667781,69.31067693463336,1
R5,"Inventory Forecast Error, Stockout Risk and Fulfillment Disruption",Operational,6.050575673274236,9.0,0.6431938996693202,5.13095687770643,4.926256481331375,10.13602364316227,80.99570205490062,54.455181059468124,1
R8,System Downtime and AI Platform Unavailability,Technical,7.066915724237369,9.0,0.45583636004081085,3.5869841000854334,5.466288390308244,10.208514606404645,70.62924765746222,63.60224151813632,1
R5,"Inventory Forecast Error, Stockout Risk and Fulfillment Disruption",Operational,6.292706619364038,9.0,0.7729119029945125,4.35629259609732,5.587664302026176,9.887066977980657,84.52130545069853,56.634359574276345,1
R5,"Inventory Forecast Error, Stockout Risk and Fulfillment Disruption",Operational,6.496210415896063,8.964623441135132,0.6692402572478614,5.547214365231277,6.5900651486231725,10.971781686384725,74.80224645254874,58.236080172888045,1
R5,"Inventory Forecast Error, Stockout Risk and Fulfillment Disruption",Operational,8.334903247843444,9.0,0.7657129041509994,7.300851071206833,6.151848468332759,9.908091923957617,98.37158546818918,75.014129230591,1
R14,"Regulatory Non-Compliance, Shadow AI and AI Governance Risk",Compliance,8.754775544846584,5.683727187857641,0.5450730687065686,1.4050079682434875,2.768542833259272,5.116902984350625,27.305550601584468,49.75975578783572,1
R14,"Regulatory Non-Compliance, Shadow AI and AI Governance Risk",Compliance,6.793519014823153,6.504433258924442,0.3023355934661386,1.727432884360358,2.6068695560775805,5.152211370214575,44.034478574669826,44.18799102515133,1
R5,"Inventory Forecast Error, Stockout Risk and Fulfillment Disruption",Operational,8.597372789952514,9.0,0.6395402636590451,4.098736109461136,6.637504921202724,12.219023461791604,85.32956537478277,77.37635510957263,1
R7,Customer Data Breach and Information Security Risk,Cybersecurity,3.688317249533216,9.0,0.4823281324007207,2.8641786405186265,2.8263410693431092,9.85270383052771,61.81836708874466,33.19485524579894,1
R8,System Downtime and AI Platform Unavailability,Technical,8.81994885054967,8.698375996945693,0.5073870267591697,5.033595203108947,5.572446714014504,10.324873899527667,71.80630824094484,76.71923137591,1
R14,"Regulatory Non-Compliance, Shadow AI and AI Governance Risk",Compliance,6.01973882370249,8.755752268865598,0.3317453794153413,1.5749856403343447,1.523663135234255,5.144701885361253,39.70888349827846,52.7073418636114,1
R8,System Downtime and AI Platform Unavailability,Technical,7.76527643836476,8.580774987793653,0.46793298307466435,3.7832082696127545,4.437327251426824,10.00434642671301,62.03374344889927,66.63208983562372,1
R14,"Regulatory Non-Compliance, Shadow AI and AI Governance Risk",Compliance,7.3319425566668635,6.719260937914859,0.45430325119509796,1.5653877447436308,2.1049771585113195,4.911281376557401,31.335551251629322,49.26523522004726,1
R7,Customer Data Breach and Information Security Risk,Cybersecurity,5.99600865938867,9.0,0.5156275210089964,3.5757989534133268,3.905490644709309,8.607256713379343,63.428267332575224,53.96407793449803,1
R14,"Regulatory Non-Compliance, Shadow AI and AI Governance Risk",Compliance,7.343067008925935,6.2776050974983635,0.36669726395920743,1.6202948236898975,1.9123593539163877,4.2567239239757395,24.660817346185226,46.09687488650551,1
R5,"Inventory Forecast Error, Stockout Risk and Fulfillment Disruption",Operational,6.7690897463184445,8.769438222754157,0.6606802043303377,5.1357652321454665,5.692209239858776,10.678316176971652,80.10187818521386,59.36111435461821,1
R6,Legacy System Integration Failure and Vendor Dependency,Technical,7.9850651936903585,8.314932253666973,0.5894780688646742,2.740310936068279,4.7490349400719225,5.182593087765982,75.36476400811327,66.39527612664948,1
R6,Legacy System Integration Failure and Vendor Dependency,Technical,9.0,8.9717047466627,0.5521257092647348,3.455339244209544,2.5852527598315866,5.912847182075817,80.80885871353394,80.7453427199643,1
R8,System Downtime and AI Platform Unavailability,Technical,5.834328409711335,9.0,0.36588968621748735,4.440086186774408,4.093925751235584,9.684049684693482,53.01386464996606,52.508955687402015,1
R7,Customer Data Breach and Information Security Risk,Cybersecurity,4.606198131556494,8.894910675784278,0.3991553726876477,4.851972973334399,3.401256450576581,11.894663582349143,71.51321409694613,40.971720935159446,1
R7,Customer Data Breach and Information Security Risk,Cybersecurity,4.585878832054454,9.0,0.5479082558858983,3.6985117173633313,2.8404027600316475,8.631111674121376,78.62157190678349,41.272909488490086,1
R8,System Downtime and AI Platform Unavailability,Technical,6.925255831849833,9.0,0.47503967925071744,4.570713044780611,4.511358796492016,7.235755226406645,60.70427209496356,62.3273024866485,1
R6,Legacy System Integration Failure and Vendor Dependency,Technical,8.508438841401915,9.0,0.6409560279473051,2.321833195460886,3.5691496448029776,8.766882098185068,68.53384938962499,76.57594957261723,1
R8,System Downtime and AI Platform Unavailability,Technical,7.660723394463749,9.0,0.3865776358985652,4.006483632969699,3.8760051824760056,8.861432166614982,61.401900551602395,68.94651055017374,1
R5,"Inventory Forecast Error, Stockout Risk and Fulfillment Disruption",Operational,7.44198600639503,8.612653071242686,0.710430515857305,5.001525028610915,5.30366004015243,10.070242443436417,82.49985236327088,64.09524363412325,1
R7,Customer Data Breach and Information Security Risk,Cybersecurity,4.003950213998226,8.353872998327159,0.43155802998557996,4.449402150019711,3.7361311385934917,8.586565594696665,68.87101320950431,33.44849157936603,1
R7,Customer Data Breach and Information Security Risk,Cybersecurity,4.317609005714105,8.39085370525169,0.42114816703470465,3.988021813303489,3.8024608861142126,9.855116131541449,75.83215313897219,36.228425523424264,1
R5,"Inventory Forecast Error, Stockout Risk and Fulfillment Disruption",Operational,7.6888909324916295,7.121675683258138,0.6332305815474241,5.167698709814262,4.381986601102735,8.113906973297931,79.9577635482489,54.75778758514963,1
R5,"Inventory Forecast Error, Stockout Risk and Fulfillment Disruption",Operational,6.930421791078774,9.0,0.8072815444620094,4.986000658049146,5.197798231904717,7.721058544081146,100.0,62.37379611970896,1
R14,"Regulatory Non-Compliance, Shadow AI and AI Governance Risk",Compliance,5.598997161843916,5.5263769291343205,0.5310670222566758,1.5506326712644778,2.3195954974398068,4.860857598022449,21.455468161542395,30.942168741502755,0
R8,System Downtime and AI Platform Unavailability,Technical,7.021280437104063,9.0,0.42793338194960295,3.8414176936174123,4.878978767754458,8.973291522236423,77.6971046334873,63.191523933936566,1
R5,"Inventory Forecast Error, Stockout Risk and Fulfillment Disruption",Operational,6.781345588504096,8.959038979228882,0.6460610933281565,4.607373754631691,5.550792639392462,7.291682045512902,91.30463334017412,60.75433945903002,1
R5,"Inventory Forecast Error, Stockout Risk and Fulfillment Disruption",Operational,8.221235660066961,8.561557779618864,0.7943293614840825,4.560451544325731,5.546553333317171,8.808120373304831,91.33266536232378,70.38658412352632,1
R8,System Downtime and AI Platform Unavailability,Technical,5.881725845434721,8.841992449050705,0.5334923843806325,3.9153158703659092,5.956630927151704,8.671942378866472,74.06004250301824,52.006175512720176,1
R6,Legacy System Integration Failure and Vendor Dependency,Technical,9.0,9.0,0.6756016556070579,2.193420661392298,3.0060637814070095,7.325199249298656,81.05073317423474,81.0,1
R6,Legacy System Integration Failure and Vendor Dependency,Technical,9.0,9.0,0.7378136540600786,2.7255320118990776,3.652575532153874,4.712983597632405,75.26023115151303,81.0,1
R6,Legacy System Integration Failure and Vendor Dependency,Technical,8.531566151719634,7.960774731630421,0.532367927759261,3.285002944871109,3.772145050925717,6.704573763936374,65.20773251720556,67.91787624184305,1
R6,Legacy System Integration Failure and Vendor Dependency,Technical,9.0,9.0,0.6821925882211609,3.3893360088189706,4.853106070585903,5.360390761726715,92.37890558332447,81.0,1
R6,Legacy System Integration Failure and Vendor Dependency,Technical,8.729840007617335,9.0,0.5316470977990733,3.6728616843223305,3.465539685322492,5.788041989505551,71.7111440329632,78.56856006855602,1
R7,Customer Data Breach and Information Security Risk,Cybersecurity,3.1152136409837263,9.0,0.40437189068690554,2.2891656236050677,3.7854832714827458,6.6537991619000225,64.45092763131625,28.036922768853536,0
R8,System Downtime and AI Platform Unavailability,Technical,5.7909656030108145,8.785495644917786,0.48982747508321584,3.0653460471038754,4.588901420421537,10.76270678030908,74.91743107846415,50.87650308512021,1
R14,"Regulatory Non-Compliance, Shadow AI and AI Governance Risk",Compliance,8.251456421814265,6.237618073200303,0.5217882800085414,1.9261173465340136,2.282775462699454,3.578410370532996,30.81962963776429,51.46943370693336,1
R5,"Inventory Forecast Error, Stockout Risk and Fulfillment Disruption",Operational,7.466716234005182,9.0,0.6941775028057349,4.2514637337599375,4.270299468142356,9.302480627277598,86.49128060677097,67.20044610604664,1
R7,Customer Data Breach and Information Security Risk,Cybersecurity,4.320559077068287,9.0,0.4330232824079079,2.9146187087839905,3.6603468409335567,9.69072467992978,55.065915396147005,38.885031693614586,1
R6,Legacy System Integration Failure and Vendor Dependency,Technical,8.93402537910919,9.0,0.5855428239631767,3.0094428712707564,3.8988114093013544,5.967218234185693,66.23566946104081,80.40622841198271,1
R8,System Downtime and AI Platform Unavailability,Technical,6.766084969355547,9.0,0.3562156808849307,4.671506729385272,4.420404227709536,9.58347843681829,78.70637318033752,60.89476472419992,1
R6,Legacy System Integration Failure and Vendor Dependency,Technical,9.0,8.533252818872734,0.5337550280029029,2.7052645410964584,3.763175206393942,5.45184020283174,88.27053785671436,76.79927536985461,1
R5,"Inventory Forecast Error, Stockout Risk and Fulfillment Disruption",Operational,6.935332470009608,9.0,0.6429470910331682,4.772116328599358,6.328359172550021,6.792445753231284,82.19183379853592,62.41799223008647,1
R14,"Regulatory Non-Compliance, Shadow AI and AI Governance Risk",Compliance,7.336071167925669,7.761457080275674,0.4178534525032752,1.5073502247408286,1.7218560394365583,4.536930840872535,39.78461879692513,56.93860150770292,1
R8,System Downtime and AI Platform Unavailability,Technical,7.0533074205987605,8.691705719228011,0.49363710167972563,3.1006213898614177,4.650372153432257,10.609695175261088,69.35578368774746,61.30527244709162,1
R8,System Downtime and AI Platform Unavailability,Technical,6.783547777228552,8.432742200341373,0.30517625221320754,4.71846660589086,5.180629359279248,10.343465996550613,55.6091813137816,57.20390960906713,1
R5,"Inventory Forecast Error, Stockout Risk and Fulfillment Disruption",Operational,8.379838699740057,8.740306173711865,0.6172997183100458,7.004334038870281,4.431892561102569,8.653345760246596,86.93511225282381,73.24235592204762,1
R6,Legacy System Integration Failure and Vendor Dependency,Technical,8.622955830865742,8.685346508968005,0.5240112222256321,2.918801766424819,3.9149973467543604,7.204522419670705,78.5139533121097,74.89335932259507,1
R7,Customer Data Breach and Information Security Risk,Cybersecurity,3.423648291100564,9.0,0.5054178204093488,2.6860820424863765,4.716294024852617,9.613159150593711,78.05485519271286,30.812834619905075,1
R7,Customer Data Breach and Information Security Risk,Cybersecurity,6.626380405668633,8.547642347551417,0.4261122609912299,3.7972996939239017,3.7086900707271377,11.086109314885103,63.14296545161236,56.63992976647815,1
R6,Legacy System Integration Failure and Vendor Dependency,Technical,9.0,8.832738823026528,0.6447999186532444,3.064915136882065,4.6459701676404945,4.6459701676404945,79.54870349204128,79.49464940723875,1
R8,System Downtime and AI Platform Unavailability,Technical,6.7743432967819315,8.922952719475878,0.6006106847130948,3.308427101124948,5.96718555947635,8.001285338552247,78.87335779003892,60.44714494268352,1
R6,Legacy System Integration Failure and Vendor Dependency,Technical,8.525654558096527,9.0,0.7056488447983349,2.6476464687194063,4.057859996185894,5.0376798027262675,82.97912248940541,76.73089102286875,1
R6,Legacy System Integration Failure and Vendor Dependency,Technical,6.751857113207837,9.0,0.5937741178925843,2.890133742138776,4.836026911683248,5.80376068526278,71.67623251451256,60.76671401887053,1
R5,"Inventory Forecast Error, Stockout Risk and Fulfillment Disruption",Operational,6.775254379485015,9.0,0.8124325690470637,4.697096056799602,4.662604163739573,10.135550054223387,82.43576496202411,60.977289415365135,1
R14,"Regulatory Non-Compliance, Shadow AI and AI Governance Risk",Compliance,6.406096827979698,5.90440065554219,0.42667849004158803,1.5052883702950726,2.0298660253612355,4.701792701650985,37.04065491568369,37.824162310590076,0
R7,Customer Data Breach and Information Security Risk,Cybersecurity,5.031075966875014,8.919689261200697,0.4469943484016415,2.3535350615196537,4.581410860199113,9.38783522236273,68.544017043579,44.87563427401997,1
R6,Legacy System Integration Failure and Vendor Dependency,Technical,7.980493797615813,9.0,0.6006600288885242,3.5836435843824597,3.3777961162170813,6.31555868794435,88.08194800405502,71.82444417854231,1
R7,Customer Data Breach and Information Security Risk,Cybersecurity,4.730983453585178,8.363136694660177,0.39302609086591656,3.5203209346387228,3.0273618806905778,10.508356181785253,62.04634239642043,39.56586132250833,1
R5,"Inventory Forecast Error, Stockout Risk and Fulfillment Disruption",Operational,7.677359521686422,8.302469229518648,0.6791249730387044,4.516215664515002,3.41757993230543,8.483518653311462,90.6850561655177,63.74104119275353,1
R5,"Inventory Forecast Error, Stockout Risk and Fulfillment Disruption",Operational,4.629747519934188,9.0,0.7050547579091985,4.569236476255631,5.670008836885007,8.789928120729908,79.74319704669485,41.66772767940769,1
R6,Legacy System Integration Failure and Vendor Dependency,Technical,9.0,8.221435715545985,0.7454236904957178,2.5671099753238904,4.1701755696936145,5.183305787824717,82.58716013521612,73.99292143991386,1
R14,"Regulatory Non-Compliance, Shadow AI and AI Governance Risk",Compliance,6.674412642846878,5.098004682965947,0.3598051810117572,1.1871601759531325,1.9741523214264702,5.4563730953532765,42.62502470755165,34.02618690928051,0
R7,Customer Data Breach and Information Security Risk,Cybersecurity,4.624506113647783,9.0,0.4885426966289027,3.0989797774957615,4.520648565672495,7.732230285475723,61.986396560771475,41.62055502283005,1
R14,"Regulatory Non-Compliance, Shadow AI and AI Governance Risk",Compliance,6.793685196380671,6.803658483097893,0.566369616137287,1.5423453048764888,2.448233035532011,6.389099411288734,33.55886658453043,46.22191391785192,1
R6,Legacy System Integration Failure and Vendor Dependency,Technical,7.163928012497461,8.2939584210821,0.7115685025640072,3.2300222455023677,4.446453309695704,6.758901579316259,90.15666029888709,59.417321067279275,1
R5,"Inventory Forecast Error, Stockout Risk and Fulfillment Disruption",Operational,7.295427286564885,8.142915257335083,0.6258403889233175,4.396434176918343,6.023036916948814,10.714964401167409,88.90980255454807,59.40604616054789,1
R6,Legacy System Integration Failure and Vendor Dependency,Technical,9.0,9.0,0.7498610548388961,3.668735400042441,2.6301184004996627,7.96345092151534,85.7437413653309,81.0,1
R5,"Inventory Forecast Error, Stockout Risk and Fulfillment Disruption",Operational,6.234139909913697,8.054873334358069,0.7405996119469989,6.625357589756582,5.895715375359228,9.841791449504685,77.397013272794,50.215207323021254,1
R14,"Regulatory Non-Compliance, Shadow AI and AI Governance Risk",Compliance,6.713831363312029,4.096620334484708,0.4032783120278912,1.8592509858130413,2.0462715496215362,4.743879350058585,37.01506025665663,27.50401808524525,0
R5,"Inventory Forecast Error, Stockout Risk and Fulfillment Disruption",Operational,6.678293782178566,8.036232823184005,0.8329135269711779,3.868326206157435,5.418717367375724,10.8665406660444,75.26061865598166,53.66832369520905,1
R14,"Regulatory Non-Compliance, Shadow AI and AI Governance Risk",Compliance,8.62219310154943,7.756027843468015,0.35815332355436147,1.6801680218512995,2.246676505250653,4.190360983687142,43.52705628830098,66.87396976737521,1
R6,Legacy System Integration Failure and Vendor Dependency,Technical,8.760492631235055,9.0,0.5613475042312003,3.2419777633247913,2.5358511846310545,6.815544531785681,80.78526772792421,78.84443368111549,1
R7,Customer Data Breach and Information Security Risk,Cybersecurity,6.182234028938315,9.0,0.44074771451614153,3.781864747712946,4.0340896353836655,7.737806404557248,74.70086589936365,55.64010626044484,1
R5,"Inventory Forecast Error, Stockout Risk and Fulfillment Disruption",Operational,8.734831891227227,8.18584706250561,0.7738205476213956,5.89203349663945,7.070956286072608,8.19629452271349,82.27593680785426,71.50199797828272,1
R5,"Inventory Forecast Error, Stockout Risk and Fulfillment Disruption",Operational,6.239810551037913,9.0,0.8028118976006039,4.516766616545654,4.88389044807507,9.831839729185056,74.91992288014215,56.15829495934122,1
R5,"Inventory Forecast Error, Stockout Risk and Fulfillment Disruption",Operational,6.242143803994124,9.0,0.6907437197798235,5.282781776871078,5.762587289716524,8.219828452517138,85.54025183331265,56.17929423594712,1
R8,System Downtime and AI Platform Unavailability,Technical,8.418240354757565,7.570063372211801,0.3688873463176714,3.382960559118548,4.584058285180237,8.81739195015791,67.84790140461581,63.72661296802552,1
R8,System Downtime and AI Platform Unavailability,Technical,7.274741902746345,9.0,0.5070418784881366,2.9130073744456584,3.895123405482993,12.16418103366956,60.535944960458146,65.47267712471711,1
R7,Customer Data Breach and Information Security Risk,Cybersecurity,4.207701607795894,8.640811031561167,0.3766457963736056,3.8351694366468965,4.735485629530979,10.313683077133874,73.28579714066426,36.35795447016042,1
R14,"Regulatory Non-Compliance, Shadow AI and AI Governance Risk",Compliance,7.819728331691012,7.585069312380636,0.419974906191058,1.2828902938586106,2.345564510352299,6.249437593369499,30.381924054513185,59.31318139986292,1
R14,"Regulatory Non-Compliance, Shadow AI and AI Governance Risk",Compliance,6.703953899678764,5.783862468923258,0.6243749060721693,1.4642225967484848,1.8366997283536342,4.820892942714253,47.94392702378369,38.77474735374371,0
R5,"Inventory Forecast Error, Stockout Risk and Fulfillment Disruption",Operational,9.0,9.0,0.7180134197196306,5.197500005444392,4.6841989780323265,7.893496296071184,91.97801061059906,81.0,1
R6,Legacy System Integration Failure and Vendor Dependency,Technical,9.0,9.0,0.6476060301556681,3.8976319338245973,3.259882381142686,7.530769964006545,74.24674141765048,81.0,1
R5,"Inventory Forecast Error, Stockout Risk and Fulfillment Disruption",Operational,9.0,9.0,0.8237088658341571,5.934322070367737,5.01110301971089,7.986661201945097,95.1400045817532,81.0,1
R7,Customer Data Breach and Information Security Risk,Cybersecurity,6.425894749624589,8.478859197448665,0.26950000522014184,2.751522950260767,3.7516727048677407,7.960149462609445,64.29564424659165,54.48425679969153,1
R5,"Inventory Forecast Error, Stockout Risk and Fulfillment Disruption",Operational,7.338252487529179,9.0,0.5097012724468151,5.676494839380247,4.315926940847108,7.806881317060665,71.80124522311431,66.0442723877626,1
R5,"Inventory Forecast Error, Stockout Risk and Fulfillment Disruption",Operational,6.786670200690731,9.0,0.806678182179968,4.037510006153552,7.119639732154692,8.336517431077652,86.68021426338471,61.080031806216574,1
R14,"Regulatory Non-Compliance, Shadow AI and AI Governance Risk",Compliance,7.510862989148317,5.930300885346606,0.32437649891206044,2.1675116562218153,2.875891009004958,3.558581692396402,30.307771272908965,44.54167743426332,1
R5,"Inventory Forecast Error, Stockout Risk and Fulfillment Disruption",Operational,5.882250346073825,8.677166604255973,0.6127686771035648,5.903499489154562,5.316202665153771,8.475625892569614,93.26697581327142,51.04126626082493,1
R8,System Downtime and AI Platform Unavailability,Technical,7.254996750674599,9.0,0.4348842009553405,3.213145156191771,4.897937578945812,10.976265469518003,69.21248318922734,65.2949707560714,1
R6,Legacy System Integration Failure and Vendor Dependency,Technical,8.229262940299137,8.603732891603197,0.6022649136000746,2.387389601666159,3.291313395389724,6.4117658048164285,88.01982198122407,70.80238023310292,1
R5,"Inventory Forecast Error, Stockout Risk and Fulfillment Disruption",Operational,7.317146984710475,9.0,0.6476482061452832,5.711086630829008,5.777397968909764,9.71680213187946,84.50923839008554,65.85432286239427,1
R5,"Inventory Forecast Error, Stockout Risk and Fulfillment Disruption",Operational,7.559577061510467,8.267822685570387,0.671889739498864,4.6875163626273455,7.72395298503781,10.192950754505933,86.79409643878591,62.50124272247376,1
R6,Legacy System Integration Failure and Vendor Dependency,Technical,9.0,8.392559383088503,0.5877539208747975,4.334763047366936,3.2393723571339685,5.734266922246995,77.2237966125532,75.53303444779652,1
R8,System Downtime and AI Platform Unavailability,Technical,6.765665088957936,9.0,0.4565275587326364,2.726845647991743,5.113286036857406,11.481771118022255,77.231714543778,60.89098580062143,1
R8,System Downtime and AI Platform Unavailability,Technical,6.440670061862755,9.0,0.5681058366188609,4.1983067991936975,6.000408672442669,10.481441427313921,67.31667802845676,57.96603055676479,1
R8,System Downtime and AI Platform Unavailability,Technical,5.655955371528156,9.0,0.5682342186194128,5.326326018507574,6.047507581595019,10.528059618353327,55.744981173212906,50.90359834375341,1
R8,System Downtime and AI Platform Unavailability,Technical,7.132272790497422,8.89964205557135,0.41560268153179514,3.5422464641982248,4.470402540301588,9.02359274056336,58.05891702421283,63.47467487811809,1
R5,"Inventory Forecast Error, Stockout Risk and Fulfillment Disruption",Operational,7.286194759048022,6.751355770915694,0.48988537149297096,4.8477610064812495,5.053464237033665,9.70778148271118,79.4786211611502,49.19169303451455,1
R5,"Inventory Forecast Error, Stockout Risk and Fulfillment Disruption",Operational,7.009465194022682,9.0,0.831783095581849,5.362961477376386,6.2053941035956175,9.688206078970437,74.60619648899255,63.08518674620414,1
R8,System Downtime and AI Platform Unavailability,Technical,6.512006683792775,9.0,0.34899160660346623,3.931853001728336,5.107477956205977,9.911028271110743,65.42976903328889,58.608060154134975,1
R8,System Downtime and AI Platform Unavailability,Technical,5.9877266431629845,9.0,0.5909079517810274,3.6079253091973467,2.5668326158429466,9.19320920065169,67.58652670968944,53.88953978846686,1
R6,Legacy System Integration Failure and Vendor Dependency,Technical,9.0,9.0,0.5467260218190059,3.803262772210692,2.854110670153098,5.719254448180405,83.3659804422354,81.0,1
R8,System Downtime and AI Platform Unavailability,Technical,8.040188564792752,9.0,0.47615291941353816,3.6993404382310695,4.51990837714402,11.441374450355227,63.081492432389574,72.36169708313477,1
R14,"Regulatory Non-Compliance, Shadow AI and AI Governance Risk",Compliance,7.502714891773257,5.686535891776688,0.38031581499682043,1.8801364033434256,1.573438303318898,3.5446760384180624,33.72061307885417,42.66445751783608,1
R7,Customer Data Breach and Information Security Risk,Cybersecurity,6.077901739453325,9.0,0.31018907921373906,3.9130344464809617,3.9189348575058,8.216617883416735,68.3951515028881,54.701115655079924,1
R6,Legacy System Integration Failure and Vendor Dependency,Technical,6.7899572107098205,9.0,0.6325806749428239,3.1038510404855075,4.0832564084559335,5.473377386130954,70.39150229292454,61.109614896388386,1
R5,"Inventory Forecast Error, Stockout Risk and Fulfillment Disruption",Operational,6.716315306321848,8.47639616994715,0.5860896028472823,4.994144761855931,7.190449258155862,7.190449258155862,76.88952070688524,56.93014933866394,1
R8,System Downtime and AI Platform Unavailability,Technical,5.819716396177128,9.0,0.6855925628380268,2.7968934385718818,3.615505500877757,10.213822221767533,77.73739551994963,52.37744756559415,1
R8,System Downtime and AI Platform Unavailability,Technical,6.3759012876742895,9.0,0.39380991384121933,4.897149273615005,5.102237082527437,10.7217419303623,79.83232687422881,57.383111589068605,1
R6,Legacy System Integration Failure and Vendor Dependency,Technical,8.60185798941153,8.449270090729406,0.7647611934814885,2.185972887084846,2.543047329890756,6.36208461681108,78.38610781379444,72.67942143463662,1
R6,Legacy System Integration Failure and Vendor Dependency,Technical,8.772112018449338,9.0,0.6298462561324945,3.029860607440241,2.918997417948854,6.468237571506403,72.34588818387259,78.94900816604404,1
R8,System Downtime and AI Platform Unavailability,Technical,7.579418982898969,6.740248498738694,0.4769487931646681,3.8782485434133753,5.643940112928808,9.98945342103004,78.1247113384166,51.087167420796334,1
R6,Legacy System Integration Failure and Vendor Dependency,Technical,9.0,9.0,0.63552415548847,2.31256212499854,4.0067943248801114,5.470042264848952,73.29373818777205,81.0,1
R5,"Inventory Forecast Error, Stockout Risk and Fulfillment Disruption",Operational,7.522561920875328,7.3486727733289,0.5555223978945675,7.137256352051553,4.556088772777156,9.723221029259195,73.38682865680697,55.280845973617275,1
R6,Legacy System Integration Failure and Vendor Dependency,Technical,9.0,9.0,0.5883016257518592,3.7623951868902905,4.224306106079806,8.40966133009824,66.56444621488221,81.0,1
R8,System Downtime and AI Platform Unavailability,Technical,7.4796797395099635,9.0,0.5319597891887391,3.560509905799959,4.589492775351038,10.377399625059848,64.30908103872376,67.31711765558967,1
R14,"Regulatory Non-Compliance, Shadow AI and AI Governance Risk",Compliance,6.634200327206497,7.844830886207333,0.4200546255165986,1.9427956805145703,1.8610747015206537,4.2031849963977495,47.155878473999536,52.04417963215633,1
R6,Legacy System Integration Failure and Vendor Dependency,Technical,9.0,9.0,0.7003501307810506,2.665667166634086,4.331289182436612,7.2385113552056985,77.6375222316052,81.0,1
R5,"Inventory Forecast Error, Stockout Risk and Fulfillment Disruption",Operational,7.416929503264816,9.0,0.7515717750059099,3.7722261704596933,5.571515842012197,6.638833046885269,85.67547921648296,66.75236552938334,1
R6,Legacy System Integration Failure and Vendor Dependency,Technical,9.0,9.0,0.5798904582665745,2.2208028483792592,3.2385263176373003,5.651615344658924,79.27526079216047,81.0,1
R6,Legacy System Integration Failure and Vendor Dependency,Technical,9.0,9.0,0.6413454717036321,2.889744186852576,4.06378791285145,6.134000612406478,82.06244487940629,81.0,1
R6,Legacy System Integration Failure and Vendor Dependency,Technical,8.9769751455535,8.344189739748789,0.596639316358958,2.818499180201945,4.489105531551014,5.699719668350948,75.38126338441752,74.90558390350739,1
R14,"Regulatory Non-Compliance, Shadow AI and AI Governance Risk",Compliance,7.717283581158775,6.36724756215308,0.46406380578189305,1.8294439994314158,1.8474996714974832,4.866645526341629,41.41312236843729,49.13785506857721,1
R6,Legacy System Integration Failure and Vendor Dependency,Technical,9.0,9.0,0.53629161013037,3.1180436791615143,4.488846084413878,5.6732615540166185,77.36880652705449,81.0,1
R8,System Downtime and AI Platform Unavailability,Technical,7.340654136412141,9.0,0.5272337649001171,3.7308314596296603,5.124454754201118,11.220949008170406,75.0785230402276,66.06588722770927,1
R7,Customer Data Breach and Information Security Risk,Cybersecurity,5.553363568772623,8.669330471884667,0.43370182975667215,4.900691671676647,3.382108353083652,10.79946683734707,67.71113278574818,48.14394400821468,1
R8,System Downtime and AI Platform Unavailability,Technical,6.665863551540157,9.0,0.41195717770023643,5.748625856009388,5.0601956553642555,11.579519696002563,66.88628453138216,59.992771963861415,1
R7,Customer Data Breach and Information Security Risk,Cybersecurity,4.40692786556777,9.0,0.48784407425865706,4.274875650111031,2.974286229506755,11.29878980767536,67.89132419017584,39.662350790109926,1
R5,"Inventory Forecast Error, Stockout Risk and Fulfillment Disruption",Operational,7.608228895307312,9.0,0.6621823439378715,6.3077788443429625,6.610108114342564,8.142489578592038,78.60463436962976,68.47406005776581,1
R14,"Regulatory Non-Compliance, Shadow AI and AI Governance Risk",Compliance,7.9965246338965805,5.343301838560986,0.3381931719782327,1.5782049773702347,2.1793334248828486,4.5713818989204515,38.01265733783374,42.72784477839782,1
R6,Legacy System Integration Failure and Vendor Dependency,Technical,9.0,9.0,0.4493923499076131,3.727835193979325,3.7015380935294626,9.290399658995062,96.86333000492888,81.0,1
R5,"Inventory Forecast Error, Stockout Risk and Fulfillment Disruption",Operational,7.2148265061166015,8.494395754652986,0.5557257761226566,7.0157061895805635,6.559804047485912,8.899183903236883,89.38182116135685,61.285591644114696,1
R8,System Downtime and AI Platform Unavailability,Technical,6.515209323643107,7.920272224471223,0.29470849096248986,4.498954901992048,4.109966160284025,6.777044693721367,69.26050996767505,51.60223144266644,1
R8,System Downtime and AI Platform Unavailability,Technical,6.997249758965817,9.0,0.4617329331760446,4.316013394583271,3.6049224370089537,9.124208839521536,71.9305499857046,62.97524783069235,1
R5,"Inventory Forecast Error, Stockout Risk and Fulfillment Disruption",Operational,7.679575685160641,9.0,0.6934447844773457,4.165045578872485,5.068806217473639,6.357275894236917,86.72781331108311,69.11618116644577,1
R6,Legacy System Integration Failure and Vendor Dependency,Technical,9.0,9.0,0.6114809693455562,2.818648659198268,3.416398800535986,7.274909788358322,93.63546806539793,81.0,1
R8,System Downtime and AI Platform Unavailability,Technical,6.394607076072461,9.0,0.47821768166530293,4.0873592146690445,4.820356611767085,8.53462504524473,74.68623932542164,57.55146368465215,1
R8,System Downtime and AI Platform Unavailability,Technical,7.288411148716062,8.49357717800379,0.36630774878835026,3.4428387222153503,4.373226916737639,11.221568742052023,59.58968307118374,61.90468259664313,1
R5,"Inventory Forecast Error, Stockout Risk and Fulfillment Disruption",Operational,6.210152560950745,7.406038302220718,0.7177233904334566,3.295609326528116,4.081331778350133,6.500967379144797,84.61144245767285,45.992627729035306,1
R5,"Inventory Forecast Error, Stockout Risk and Fulfillment Disruption",Operational,5.943672000694258,8.04734665110377,0.6063533684795297,4.687809993532988,4.877060852167965,9.848703125672106,78.1702644156648,47.83078897004618,1
R5,"Inventory Forecast Error, Stockout Risk and Fulfillment Disruption",Operational,7.319632675917476,9.0,0.7842622429852851,5.809612432408495,4.851011286658216,9.804193742023992,83.3746786037583,65.87669408325729,1
R5,"Inventory Forecast Error, Stockout Risk and Fulfillment Disruption",Operational,8.569866436259968,9.0,0.6288615550975895,4.273474803580259,4.436203421337482,7.3687229091306525,92.76194886676463,77.12879792633971,1
R5,"Inventory Forecast Error, Stockout Risk and Fulfillment Disruption",Operational,4.766721180644236,8.196491236057305,0.7210891571384878,5.236102298702664,3.383306825885228,10.367445427257913,91.78638916473368,39.07038838187921,1
R8,System Downtime and AI Platform Unavailability,Technical,7.163405474022404,7.923938606230308,0.4623485799907382,3.2699535255811565,4.392253481655183,9.582038510317338,67.02675486326189,56.76238518768765,1
R5,"Inventory Forecast Error, Stockout Risk and Fulfillment Disruption",Operational,7.412109161020286,8.642088275746856,0.5852775553421953,4.784104975383618,5.493998810634149,9.376431469346487,86.76000824479371,64.05610167900927,1
R7,Customer Data Breach and Information Security Risk,Cybersecurity,6.197186484622428,7.67153961740545,0.4195674194071323,3.361695714998204,3.791288868227558,10.536112616104743,55.004838375523775,47.54196163323057,1
R8,System Downtime and AI Platform Unavailability,Technical,5.892016957957092,8.12688816565832,0.4481953787606623,4.7905180857692145,5.160169982773955,8.308589284092063,65.61753835692076,47.88376288747963,1
R5,"Inventory Forecast Error, Stockout Risk and Fulfillment Disruption",Operational,6.218703293176942,8.077506917563113,0.7746659048354526,6.940857652291743,4.310764639290974,11.429398338172858,81.40088466967916,50.23161886890926,1
R6,Legacy System Integration Failure and Vendor Dependency,Technical,9.0,8.527803833639878,0.659492387811452,3.903559098304466,3.050711855036879,5.9073381840763135,77.18960623813983,76.7502345027589,1
R8,System Downtime and AI Platform Unavailability,Technical,6.3958323966841455,7.7548837393544705,0.4371062266700808,3.6372189987883,3.907311403530038,9.653712064803912,71.88333667620395,49.59893665268241,1
R5,"Inventory Forecast Error, Stockout Risk and Fulfillment Disruption",Operational,6.786527864000581,9.0,0.8122893814793828,5.345482722152693,6.179538700304177,7.471445753982696,86.56209151435016,61.07875077600523,1
R5,"Inventory Forecast Error, Stockout Risk and Fulfillment Disruption",Operational,6.753757878051283,9.0,0.7860775976380072,4.521079176463405,5.599589592142118,9.247526957564233,90.2448728203247,60.78382090246154,1
R14,"Regulatory Non-Compliance, Shadow AI and AI Governance Risk",Compliance,8.50945769340769,4.620569496099062,0.40429754788896505,1.7813712029909832,2.2385644512734,3.4435313813947475,31.377457215841027,39.318540646505056,0
